date,game_date,game_pk,batter,batter_id,batter_hand,effective_batter_hand,team,opponent,home_team,away_team,park_team,input_stadium,input_venue,is_home,home_team_resolved,park_resolved,pitcher,pitcher_id,pitcher_hand,raw_matchup_score,hr_probability_pa_base,park_factor_hr,park_hr_percent_effect,park_factor_source,park_factor_player,hr_probability_pa,hr_probability_3ab,top_pitch_in_mix,dominant_pitch_usage,pitch_types_used,batter_barrel_pct,batter_pull_air_pct,pitcher_barrel_pct_allowed,pitcher_zone_pct,batter_barrel_adj,batter_pull_air_adj,pitcher_barrel_adj,pitcher_zone_adj,weighted_outcome_component,weighted_bat_speed_component,weighted_ev_la_component
2026-04-16,,,Junior Caminero,691406,R,R,TB,CWS,,,,,,,TB,Rate Field,Jordan Leasure,673929,R,0.289428247059871,0.12306165340577478,1.15,14.999999999999991,today_sheet_player_team_lookup,Junior Caminero,0.14152090141664098,0.3673126116772152,Slider,0.517345526333704,2,14.846600041931653,45.0,12.0,44.64234123964847,0.0726990006289748,0.1,0.03,-0.043576587603515335,0.019049497232994362,0.9225474697609153,0.21601547972684987
2026-04-16,,,Giancarlo Stanton,519317,R,R,NYY,LAA,,,,,,,NYY,Yankee Stadium,Brent Suter,608718,L,0.2432912426534397,0.10617456095278187,1.12,12.00000000000001,today_sheet_player_team_lookup,Giancarlo Stanton,0.11891550826711571,0.316005402567747,4-Seam,0.49587584277409236,3,18.0,45.0,7.487922705314009,49.74353675896588,0.12,0.1,-0.037681159420289864,0.0074353675896588105,0.013579132069221818,0.9803297580030883,0.0006406361030109406
2026-04-16,,,Jo Adell,666176,R,R,LAA,NYY,,,,,,,LAA,Yankee Stadium,Max Fried,608331,L,0.2293387012822069,0.10097612841691696,1.15,14.999999999999991,today_sheet_player_team_lookup,Jo Adell,0.1161225476794545,0.30948015303246756,Cutter,0.37418800152846776,4,16.503703703703707,45.0,6.03189493433396,48.60067622940764,0.09755555555555559,0.1,-0.0595215759849906,-0.0039932377059236045,0.008566208012823904,0.9189860145204436,0.057126450423024916
2026-04-16,,,Aaron Judge,592450,R,R,NYY,LAA,,,,,,,NYY,Yankee Stadium,Brent Suter,608718,L,0.20864006007922403,0.09317534573017663,1.13,12.99999999999999,today_sheet_player_team_lookup,Aaron Judge,0.10528814067509959,0.2837748257544823,4-Seam,0.49587584277409236,3,18.0,45.0,7.487922705314009,49.74353675896588,0.12,0.1,-0.037681159420289864,0.0074353675896588105,0.01872413499036985,0.816672337352408,0.004201302473704855
2026-04-16,,,Everson Pereira,677592,R,R,CWS,TB,,,,,,,CWS,Rate Field,Steven Matz,571927,L,0.19660927877509196,0.08858830193905252,1.16,15.999999999999993,today_sheet_player_team_lookup,Everson Pereira,0.10276243024930092,0.277692122829582,Sinker,0.5281532785972177,3,15.833333333333336,44.0,8.606060606060607,50.83760683760684,0.08750000000000004,0.1,-0.02090909090909089,0.01837606837606842,0.009239066945243134,0.7765761343837896,0.017755306758636145
2026-04-16,,,Munetaka Murakami,808959,L,L,CWS,TB,,,,,,,CWS,Rate Field,Steven Matz,571927,L,0.19552199265424602,0.08817170544340602,1.16,15.999999999999993,today_sheet_player_team_lookup,Munetaka Murakami,0.10227917831435097,0.2765243895781858,Sinker,1.0,1,18.0,45.0,4.430641821946169,58.424001983635016,0.12,0.1,-0.08354037267080745,0.08,0.008769396276191315,0.726666666666667,0.04074275860740362
2026-04-16,,,Carter Jensen,695600,L,L,KC,DET,,,,,,,KC,Comerica Park,Keider Montero,672456,R,0.20544313043090887,0.09196039944597796,1.06,6.000000000000005,today_sheet_player_team_lookup,Carter Jensen,0.09747802341273665,0.2648544078643079,4-Seam,0.4644684479818078,4,18.0,45.0,8.944099378881988,52.47581699346405,0.12,0.1,-0.015838509316770173,0.03475816993464051,0.01391594527642711,0.6768118429482842,0.08292696391440095
2026-04-16,,,Hunter Goodman,696100,R,R,COL,HOU,,,,,,,COL,Daikin Park,Ryan Weiss,680802,R,0.20099811616939486,0.0902664073498252,1.06,6.000000000000005,today_sheet_player_team_lookup,Hunter Goodman,0.09568239179081472,0.2604577988641976,4-Seam,0.48235294117647065,3,11.454656116859404,45.0,11.11111111111111,45.05494505494506,0.021819841752891058,0.1,0.01666666666666666,-0.03945054945054942,0.015657637313836615,0.6301450924854601,0.1939017391395535
2026-04-16,,,Nick Kurtz,701762,L,L,ATH,TEX,,,,,,,ATH,Sutter Health Park,Jack Leiter,683004,R,0.2710477802087711,0.11638632235781599,0.82,-18.000000000000004,today_sheet_player_team_lookup,Nick Kurtz,0.0954367843334091,0.2598550689801372,4-Seam,0.35095327945028026,5,18.0,43.11890838206627,12.0,50.314629549079314,0.12,0.1,0.03,0.013146295490793136,0.015310388868876916,0.8293341009051147,0.14615695625362393
2026-04-16,,,Rafael Devers,646240,L,L,SF,CIN,,,,,,,SF,Great American BP,Chase Burns,695505,R,0.19580267454075873,0.08827928263521555,1.07,7.000000000000006,today_sheet_player_team_lookup,Rafael Devers,0.09445883241968064,0.257451890387819,4-Seam,0.6994398277817643,2,17.79827798277983,43.33333333333334,11.647509578544062,50.760424377004696,0.11697416974169744,0.1,0.024712643678160926,0.017604243770046962,0.018089623093751984,0.44171748990391496,0.2181392472293558
2026-04-16,,,Vladimir Guerrero Jr.,665489,R,R,TOR,MIL,,,,,,,TOR,American Family Fld,Brandon Sproat,687075,R,0.1867302182926957,0.08479014595073357,1.06,6.000000000000005,today_sheet_player_team_lookup,Vladimir Guerrero Jr.,0.08987755470777758,0.24612476822821672,Sinker,0.5663035513653462,3,12.335166221056348,44.7437641723356,6.580645161290322,51.8566018247547,0.03502749331584521,0.1,-0.05129032258064517,0.028566018247546978,0.008249861876230063,0.7653420136875488,0.041878877328120304
2026-04-16,,,Ben Rice,700250,L,L,NYY,LAA,,,,,,,NYY,Yankee Stadium,Brent Suter,608718,L,0.171147305739886,0.07873675739923065,1.13,12.99999999999999,today_sheet_player_team_lookup,Ben Rice,0.08897253586113063,0.24387358774175116,Sinker,0.39722855385505984,3,14.412024756852345,45.0,9.966405375139978,52.52488687782806,0.06618037135278518,0.1,-0.0005039193729003343,0.035248868778280595,0.011181566198187916,0.5581269536222788,0.09303111428898972
2026-04-16,,,Jesús Sánchez,660821,L,L,TOR,MIL,,,,,,,TOR,American Family Fld,Brandon Sproat,687075,R,0.1808415405221043,0.0825118713502297,1.07,7.000000000000006,today_sheet_player_team_lookup,Jesus Sanchez,0.0882877023447458,0.2421671296549579,Cutter,0.19896037093385496,6,11.680327868852459,45.0,4.257703081232493,52.97619047619048,0.025204918032786877,0.1,-0.0861344537815126,0.03976190476190482,0.010514507694438844,0.6877495636670328,0.10172259146676207
2026-04-16,,,Daulton Varsho,662139,L,L,TOR,MIL,,,,,,,TOR,American Family Fld,Brandon Sproat,687075,R,0.1825397756928481,0.08317002926498533,1.06,6.000000000000005,today_sheet_player_team_lookup,Daulton Varsho,0.08816023102088445,0.24184921533080783,Cutter,0.19896037093385496,6,14.764150943396226,45.0,4.257703081232493,52.97619047619048,0.07146226415094338,0.1,-0.0861344537815126,0.03976190476190482,0.012656717437885637,0.6605988298430567,0.09565234328501324
2026-04-16,,,Matt Chapman,656305,R,R,SF,CIN,,,,,,,SF,Great American BP,Chase Burns,695505,R,0.17549540850718323,0.08043385119950015,1.09,9.000000000000007,today_sheet_player_team_lookup,Matt Chapman,0.08767289780745517,0.24063298336626315,4-Seam,0.5637694681690949,2,9.549717120049602,45.0,8.675324675324676,52.19148936170213,-0.0067542431992559755,0.1,-0.01987012987012986,0.03191489361702132,0.009134488210541908,0.6340355692086829,0.10793176581162052
2026-04-16,,,Pete Alonso,624413,R,R,BAL,CLE,,,,,,,BAL,Progressive Field,Parker Messick,800048,L,0.1902413297021949,0.08614342014737167,1.01,1.0000000000000009,today_sheet_player_team_lookup,Pete Alonso,0.08700485434884539,0.23896364223959454,4-Seam,0.4118959007308216,4,16.46825396825397,45.0,7.538877620013523,50.77986096481989,0.09702380952380953,0.1,-0.03691683569979716,0.01779860964819889,0.011907658397506932,0.6673339732590536,0.08326105073325717
2026-04-16,,,Rece Hinds,677956,R,R,CIN,SF,,,,,,,CIN,Great American BP,Landen Roupp,694738,R,0.17194366488739668,0.07904806092590724,1.09,9.000000000000007,today_sheet_player_team_lookup,Rece Hinds,0.0861623864092389,0.23685495456973316,Sinker,1.0,1,16.86274509803922,45.0,6.38337012509198,44.68054175303104,0.10294117647058829,0.1,-0.0542494481236203,-0.04319458246968964,0.008666956467400061,0.7191666666666672,0.032070266989313506
2026-04-16,,,Jac Caglianone,695506,L,L,KC,DET,,,,,,,KC,Comerica Park,Keider Montero,672456,R,0.22627666299782248,0.09982901114241245,0.86,-14.000000000000002,today_sheet_player_team_lookup,Jac Caglianone,0.0858529495824747,0.2360794607124943,4-Seam,0.4644684479818078,4,14.14017094017094,45.0,8.944099378881988,52.47581699346405,0.062102564102564095,0.1,-0.015838509316770173,0.03475816993464051,0.010459937479675415,0.8404615320365915,0.06535738878790409
2026-04-16,,,Gavin Sheets,657757,L,L,SD,SEA,,,,,,,SD,Petco Park,Luis Castillo,622491,R,0.22297777136957136,0.09859055320799219,0.87,-13.0,today_sheet_player_team_lookup,Gavin Sheets,0.0857737812909532,0.23588096905284694,4-Seam,0.4743410359691895,4,13.388316151202751,45.0,12.0,47.49297752808989,0.05082474226804127,0.1,0.03,-0.01507022471910112,0.014023863895195396,0.691369082717224,0.17665183768423495
2026-04-16,,,Johnathan Rodríguez,671286,R,R,BAL,CLE,,,,,,,BAL,Progressive Field,Parker Messick,800048,L,0.18236347758339186,0.08310174708288247,1.03,3.0000000000000027,today_sheet_player_team_lookup,Johnathan Rodriguez,0.08559479949536894,0.2354320970891859,4-Seam,0.4118959007308216,4,6.153846153846154,42.10526315789474,7.538877620013523,50.77986096481989,-0.05769230769230768,0.1,-0.03691683569979716,0.01779860964819889,0.00964906452415285,0.8360832054675491,0.027843245738166773
2026-04-16,,,Sam Huff,669087,R,R,BAL,CLE,,,,,,,BAL,Progressive Field,Parker Messick,800048,L,0.17473323349597744,0.08013682934206176,1.06,6.000000000000005,today_sheet_player_team_lookup,Sam Huff,0.08494503910258547,0.23380107279599804,4-Seam,0.4118959007308216,4,18.0,45.0,7.538877620013523,50.77986096481989,0.12,0.1,-0.03691683569979716,0.01779860964819889,0.00941632324043557,0.635313149882001,0.049794428518871475
2026-04-16,,,Jackson Merrill,701538,L,L,SD,SEA,,,,,,,SD,Petco Park,Luis Castillo,622491,R,0.19877284799602826,0.08941625364845975,0.94,-6.000000000000005,today_sheet_player_team_lookup,Jackson Merrill,0.08405127842955215,0.2315537731962901,4-Seam,0.4743410359691895,4,14.810126582278484,45.0,12.0,47.49297752808989,0.07215189873417725,0.1,0.03,-0.01507022471910112,0.013811849855964509,0.5355403694491638,0.2057284116288564
2026-04-16,,,Chase DeLauter,800050,L,L,CLE,BAL,,,,,,,CLE,Progressive Field,Shane Baz,669358,R,0.16851535866051937,0.07770635437593887,1.08,8.000000000000007,today_sheet_player_team_lookup,Chase DeLauter,0.08392286272601399,0.23123052017081924,4-Seam,0.4082988267770876,4,18.0,45.0,6.293617561223195,50.9581573341998,0.12,0.1,-0.05559573658165207,0.019581573341997966,0.010134575663799675,0.5738582317306955,0.08682732582911716
2026-04-16,,,Yandy Díaz,650490,R,R,TB,CWS,,,,,,,TB,Rate Field,Jordan Leasure,673929,R,0.1469419723756599,0.06916509119582406,1.21,20.999999999999996,today_sheet_player_team_lookup,Yandy Diaz,0.08368976034694711,0.23064351415187478,Slider,0.517345526333704,2,9.406185159569214,21.182863113897596,12.0,44.64234123964847,-0.008907222606461795,-0.022902821316614422,0.03,-0.043576587603515335,0.012469398637426337,0.5348050822063699,0.1608447548655952
2026-04-16,,,J.C. Escarra,641555,L,L,NYY,LAA,,,,,,,NYY,Yankee Stadium,Brent Suter,608718,L,0.15368086099963568,0.07185215298399296,1.16,15.999999999999993,today_sheet_player_team_lookup,J.C. Escarra,0.08334849746143183,0.2297835959775908,Sinker,0.39722855385505984,3,4.444444444444445,45.0,9.966405375139978,52.52488687782806,-0.08333333333333333,0.1,-0.0005039193729003343,0.035248868778280595,0.00999835085556204,0.6100335612721152,0.07915921551820372
2026-04-16,,,Manny Machado,592518,R,R,SD,SEA,,,,,,,SD,Petco Park,Luis Castillo,622491,R,0.18596668490005733,0.08449535705931994,0.98,-2.0000000000000018,today_sheet_player_team_lookup,Manny Machado,0.08280544991813354,0.22841389779664534,4-Seam,0.44806148202700113,3,12.004705882352944,43.92838874680307,9.104796136133888,52.153221639973424,0.030070588235294158,0.1,-0.013428057957991672,0.03153221639973424,0.009809171313527161,0.6063826466658757,0.13840905711313783
2026-04-16,,,Julio Rodríguez,677594,R,R,SEA,SD,,,,,,,SEA,Petco Park,Walker Buehler,621111,R,0.18434922623877711,0.0838702794162845,0.98,-2.0000000000000018,today_sheet_player_team_lookup,Julio Rodriguez,0.08219287382795881,0.22686688376888986,4-Seam,0.2381323553840453,5,8.531913591579462,44.56083803384367,11.492063492063494,46.150037928694054,-0.022021296126308067,0.1,0.022380952380952408,-0.02849962071305946,0.015426670386215095,0.7499383269918928,0.05622889904747633
2026-04-16,,,Ryan Vilade,668723,R,R,TB,CWS,,,,,,,TB,Rate Field,Jordan Leasure,673929,R,0.14955150827786523,0.07020776476560485,1.17,16.999999999999993,today_sheet_player_team_lookup,Ryan Vilade,0.08214308477575767,0.2267410545432874,Slider,0.517345526333704,2,8.88888888888889,28.54700854700855,12.0,44.64234123964847,-0.01666666666666666,0.021282051282051292,0.03,-0.043576587603515335,0.009133454977562985,0.5710407315800221,0.1277417010192921
2026-04-16,,,James Wood,695578,L,L,WSN,PIT,,,,,,,WSN,PNC Park,Braxton Ashcraft,677952,R,0.19711368180462055,0.08878144783711428,0.91,-8.999999999999996,today_sheet_player_team_lookup,James Wood,0.080791117531774,0.22331907873903545,4-Seam,0.3978341113375724,3,18.0,45.0,5.105421686746988,53.45662847790508,0.12,0.1,-0.07341867469879518,0.04456628477905077,0.00961573127509312,0.7305559307503275,0.05562144615091244
2026-04-16,,,Cal Raleigh,663728,S,L,SEA,SD,,,,,,,SEA,Petco Park,Walker Buehler,621111,R,0.18329370966984948,0.08346192466052821,0.96,-4.0000000000000036,today_sheet_player_team_lookup,Cal Raleigh,0.08012344767410708,0.22162541627542798,4-Seam,0.30606983101391655,4,16.734922412414015,45.0,6.837606837606838,47.25090983729504,0.10102383618621022,0.1,-0.04743589743589743,-0.017490901627049596,0.013002783985132943,0.7166013776537897,0.0449386025939677
2026-04-16,,,Amed Rosario,642708,R,R,NYY,LAA,,,,,,,NYY,Yankee Stadium,Brent Suter,608718,L,0.11901172145588972,0.05781815715175825,1.37,37.000000000000014,today_sheet_player_team_lookup,Amed Rosario,0.07921087529790881,0.21930653536393263,4-Seam,0.49587584277409236,3,5.6536697247706424,45.0,7.487922705314009,49.74353675896588,-0.06519495412844035,0.1,-0.037681159420289864,0.0074353675896588105,0.010255833889321114,0.5624041448126874,0.005042918012646325
2026-04-16,,,Bobby Witt Jr.,677951,R,R,KC,DET,,,,,,,KC,Comerica Park,Keider Montero,672456,R,0.1760013072376889,0.08063089456582156,0.97,-3.0000000000000027,today_sheet_player_team_lookup,Bobby Witt Jr.,0.07821196772884692,0.21676299885669115,Sinker,0.49298805507431387,3,11.62545899632803,40.33834586466166,4.311377245508982,56.07512033456956,0.024381884944920447,0.09203007518796998,-0.08532934131736526,0.07075120334569561,0.00882390712711198,0.6585633557723632,0.09631505160739945
2026-04-16,,,Shea Langeliers,669127,R,R,ATH,TEX,,,,,,,ATH,Sutter Health Park,Jack Leiter,683004,R,0.18952054580390976,0.08586591898252939,0.91,-8.999999999999996,today_sheet_player_team_lookup,Shea Langeliers,0.07813798627410175,0.21657439910890186,4-Seam,0.37604767661411936,4,12.491582491582493,45.0,12.0,50.37490987743331,0.03737373737373739,0.1,0.03,0.013749098774333106,0.011537306421749766,0.5979522744404508,0.1324956380181608
2026-04-16,,,Jordan Beck,687597,R,R,COL,HOU,,,,,,,COL,Daikin Park,Ryan Weiss,680802,R,0.16318568930291721,0.07561234868315268,1.03,3.0000000000000027,today_sheet_player_team_lookup,Jordan Beck,0.07788071914364726,0.21591831640139336,4-Seam,0.48235294117647065,3,8.609006734006734,45.0,11.11111111111111,45.05494505494506,-0.020864898989898996,0.1,0.01666666666666666,-0.03945054945054942,0.012905814048969184,0.5502512751600274,0.1520014344718893
2026-04-16,,,Bo Naylor,666310,L,L,CLE,BAL,,,,,,,CLE,Progressive Field,Shane Baz,669358,R,0.13695233888709385,0.06514738744055774,1.19,18.999999999999993,today_sheet_player_team_lookup,Bo Naylor,0.07752539105426372,0.21501155642841108,4-Seam,0.4082988267770876,4,11.908320876930745,45.0,6.293617561223195,50.9581573341998,0.02862481315396117,0.1,-0.05559573658165207,0.019581573341997966,0.009779713582332893,0.47699916219583693,0.0996905997560798
2026-04-16,,,Willy Adames,642715,R,R,SF,CIN,,,,,,,SF,Great American BP,Chase Burns,695505,R,0.14574042193841685,0.06868406456562866,1.12,12.00000000000001,today_sheet_player_team_lookup,Willy Adames,0.07692615231350411,0.21348077894178263,4-Seam,0.5637694681690949,2,11.820593199903545,45.0,8.675324675324676,52.19148936170213,0.027308897998553173,0.1,-0.01987012987012986,0.03191489361702132,0.010289212894532537,0.44628385534498966,0.130393719325986
2026-04-16,,,Mickey Moniak,666160,L,L,COL,HOU,,,,,,,COL,Daikin Park,Ryan Weiss,680802,R,0.16257525527333608,0.07537186239385045,1.02,2.0000000000000018,today_sheet_player_team_lookup,Mickey Moniak,0.07687929964172746,0.213361008251285,4-Seam,0.5416666666666666,3,13.765846383296047,45.0,3.3333333333333335,46.111111111111114,0.05648769574944071,0.1,-0.09999999999999999,-0.028888888888888856,0.012461384179552688,0.6317179894179896,0.10745509026834323
2026-04-16,,,Patrick Bailey,672275,S,L,SF,CIN,,,,,,,SF,Great American BP,Chase Burns,695505,R,0.13469608880194112,0.06423396135209919,1.18,17.999999999999993,today_sheet_player_team_lookup,Patrick Bailey,0.07579607439547704,0.21058854035531027,4-Seam,0.6994398277817643,2,4.988095238095239,45.0,11.647509578544062,50.760424377004696,-0.07517857142857141,0.1,0.024712643678160926,0.017604243770046962,0.008247723401914864,0.46468324009989515,0.11801448629293242
2026-04-16,,,Blaze Alexander,677942,R,R,BAL,CLE,,,,,,,BAL,Progressive Field,Parker Messick,800048,L,0.12669084563951893,0.060974243165107245,1.23,23.0,today_sheet_player_team_lookup,Blaze Alexander,0.07499831909308191,0.2085425603142138,4-Seam,0.4118959007308216,4,18.0,45.0,7.538877620013523,50.77986096481989,0.12,0.1,-0.03691683569979716,0.01779860964819889,0.009881658188029689,0.4320556030548457,0.052248135556507314
2026-04-16,,,Coby Mayo,691723,R,R,BAL,CLE,,,,,,,BAL,Progressive Field,Parker Messick,800048,L,0.15978249494490204,0.07426989110319376,1.0,0.0,today_sheet_player_team_lookup,Coby Mayo,0.07426989110319376,0.20667129709759124,4-Seam,0.4118959007308216,4,10.87344028520499,45.0,7.538877620013523,50.77986096481989,0.013101604278074861,0.1,-0.03691683569979716,0.01779860964819889,0.00971558643875911,0.6290738237670952,0.060450159361268574
2026-04-16,,,Fernando Tatis Jr.,665487,R,R,SD,SEA,,,,,,,SD,Petco Park,Luis Castillo,622491,R,0.16543571342044514,0.07649760651072267,0.97,-3.0000000000000027,today_sheet_player_team_lookup,Fernando Tatis Jr.,0.07420267831540099,0.2064984852657843,4-Seam,0.44806148202700113,3,11.498257839721255,37.707182320441994,9.104796136133888,52.153221639973424,0.022473867595818823,0.07624309392265197,-0.013428057957991672,0.03153221639973424,0.010976935166538037,0.5477224983649716,0.12857426633955768
2026-04-16,,,Mike Trout,545361,R,R,LAA,NYY,,,,,,,LAA,Yankee Stadium,Max Fried,608331,L,0.1387666781711545,0.06588027176066545,1.12,12.00000000000001,today_sheet_player_team_lookup,Mike Trout,0.07378590437194531,0.20542635106688745,Cutter,0.37418800152846776,4,13.711229946524064,45.0,6.03189493433396,48.60067622940764,0.05566844919786096,0.1,-0.0595215759849906,-0.0039932377059236045,0.007905864492550669,0.5833659812025287,0.026200523864310637
2026-04-16,,,Riley Greene,682985,L,L,DET,KC,,,,,,,DET,Comerica Park,Kris Bubic,663460,L,0.15280213941453988,0.07150279004501531,1.02,2.0000000000000018,today_sheet_player_team_lookup,Riley Greene,0.07293284584591561,0.20322888192205046,4-Seam,0.28598257685752165,4,9.703703703703704,35.08771929824562,9.377510040160644,50.35976671968493,-0.0044444444444444375,0.0605263157894737,-0.009337349397590344,0.013597667196849272,0.007709652591777123,0.6069123287124674,0.07402452917188149
2026-04-16,,,Taylor Trammell,666211,L,L,HOU,COL,,,,,,,HOU,Daikin Park,Juan Mejia,675848,R,0.145987138273877,0.068782882936408,1.06,6.000000000000005,today_sheet_player_team_lookup,Taylor Trammell,0.07290985591259248,0.203169604115519,4-Seam,0.7634032791309627,2,9.456521739130434,45.0,5.431372549019608,50.74957651044608,-0.008152173913043494,0.1,-0.06852941176470588,0.01749576510446083,0.006597101190989866,0.6519536050841628,0.028646003175018895
2026-04-16,,,Samuel Basallo,694212,L,L,BAL,CLE,,,,,,,BAL,Progressive Field,Parker Messick,800048,L,0.14465277606667917,0.06824812516903998,1.06,6.000000000000005,today_sheet_player_team_lookup,Samuel Basallo,0.07234301267918239,0.2017071115746537,Slider,0.3475961538461538,3,10.210526315789474,45.0,5.446623093681917,56.487316003758224,0.003157894736842115,0.1,-0.06830065359477124,0.07487316003758224,0.009076226738895046,0.6295285256410257,0.0
2026-04-16,,,Salvador Perez,521692,R,R,KC,DET,,,,,,,KC,Comerica Park,Keider Montero,672456,R,0.15671997521038478,0.07305814985104951,0.99,-1.0000000000000009,today_sheet_player_team_lookup,Salvador Perez,0.07232756835253902,0.20166723918143215,Sinker,0.49298805507431387,3,15.1072618254497,45.0,4.311377245508982,56.07512033456956,0.0766089273817455,0.1,-0.08532934131736526,0.07075120334569561,0.011289002509969056,0.5404738978351732,0.08326599333120652
2026-04-16,,,Oneil Cruz,665833,L,L,PIT,WSN,,,,,,,PIT,PNC Park,Foster Griffin,656492,L,0.16636875862801265,0.07686417644673155,0.93,-6.999999999999995,today_sheet_player_team_lookup,Oneil Cruz,0.07148368409546034,0.19948657670995085,Sweeper,0.4426229508196721,3,15.031982942430705,45.0,0.0,47.674418604651166,0.07547974413646058,0.1,-0.12,-0.013255813953488342,0.008728312761984583,0.7542866750735602,0.025181282034261204
2026-04-16,,,Christian Walker,572233,R,R,HOU,COL,,,,,,,HOU,Daikin Park,Juan Mejia,675848,R,0.15418544358677758,0.07205262989529061,0.99,-1.0000000000000009,today_sheet_player_team_lookup,Christian Walker,0.07133210359633771,0.19909446071025927,4-Seam,0.49652134093385325,3,13.417283950617286,45.0,4.324324324324325,47.83810566943097,0.05125925925925928,0.1,-0.08513513513513513,-0.011618943305690266,0.011643903291168068,0.5344935816896677,0.13660853363962122
2026-04-16,,,Tyler Soderstrom,691016,L,L,ATH,TEX,,,,,,,ATH,Sutter Health Park,Jack Leiter,683004,R,0.18424102352172364,0.08382843447288524,0.85,-15.000000000000002,today_sheet_player_team_lookup,Tyler Soderstrom,0.07125416930195246,0.19889280655613006,4-Seam,0.35095327945028026,5,11.828882294757666,43.2090395480226,12.0,50.314629549079314,0.027433234421364982,0.1,0.03,0.013146295490793136,0.011205197134287718,0.6363020166109157,0.09117835418496949
2026-04-16,,,Daniel Schneemann,682177,L,L,CLE,BAL,,,,,,,CLE,Progressive Field,Shane Baz,669358,R,0.13172318870663474,0.06302688868333381,1.13,12.99999999999999,today_sheet_player_team_lookup,Daniel Schneemann,0.0712203842121672,0.19880537748089988,4-Seam,0.4082988267770876,4,12.065040650406505,45.0,6.293617561223195,50.9581573341998,0.030975609756097578,0.1,-0.05559573658165207,0.019581573341997966,0.00854717403791128,0.4847552055797035,0.07589640315254116
2026-04-16,,,Gunnar Henderson,683002,L,L,BAL,CLE,,,,,,,BAL,Progressive Field,Parker Messick,800048,L,0.13564634696459588,0.06461894388318465,1.1,10.000000000000009,today_sheet_player_team_lookup,Gunnar Henderson,0.07108083827150312,0.1984441930159968,Slider,0.3475961538461538,3,11.633802816901408,45.0,5.446623093681917,56.487316003758224,0.02450704225352112,0.1,-0.06830065359477124,0.07487316003758224,0.00740775189763003,0.5801396467446228,0.000350259542766647
2026-04-16,,,Jahmai Jones,663330,R,R,DET,KC,,,,,,,DET,Comerica Park,Kris Bubic,663460,L,0.14154745411776584,0.06700075888830019,1.06,6.000000000000005,today_sheet_player_team_lookup,Jahmai Jones,0.07102080442159821,0.19828877500019026,4-Seam,0.49724254441270055,3,13.333333333333336,45.0,6.696969696969697,49.32488029482052,0.05000000000000003,0.1,-0.04954545454545454,0.0032488029482051674,0.008318751237241314,0.4701347528183152,0.11968202375037834
2026-04-16,,,Spencer Torkelson,679529,R,R,DET,KC,,,,,,,DET,Comerica Park,Kris Bubic,663460,L,0.1519509317305404,0.07116407864581203,0.99,-1.0000000000000009,today_sheet_player_team_lookup,Spencer Torkelson,0.07045243785935391,0.19681636949323345,4-Seam,0.49724254441270055,3,14.079601990049753,45.0,6.696969696969697,49.32488029482052,0.06119402985074629,0.1,-0.04954545454545454,0.0032488029482051674,0.011483032727903103,0.5332999979726964,0.09415168239260464
2026-04-16,,,Weston Wilson,642215,R,R,BAL,CLE,,,,,,,BAL,Progressive Field,Parker Messick,800048,L,0.1415836094019186,0.06701530543967044,1.05,5.000000000000004,today_sheet_player_team_lookup,Weston Wilson,0.07036607071165396,0.196592469842918,4-Seam,0.4118959007308216,4,10.0,44.16666666666667,7.538877620013523,50.77986096481989,0.0,0.1,-0.03691683569979716,0.01779860964819889,0.01013926578353272,0.5642064476638372,0.05156464614626305
2026-04-16,,,Cam Smith,701358,R,R,HOU,COL,,,,,,,HOU,Daikin Park,Juan Mejia,675848,R,0.13487889272732695,0.06430805312365738,1.09,9.000000000000007,today_sheet_player_team_lookup,Cam Smith,0.07009577790478655,0.1958914893366227,4-Seam,0.49652134093385325,3,9.778858911985846,35.6788665879575,4.324324324324325,47.83810566943097,-0.003317116320212303,0.06407319952774501,-0.08513513513513513,-0.011618943305690266,0.009212302822882766,0.5793081707344894,0.07887912788138667
2026-04-16,,,Ramón Laureano,657656,R,R,SD,SEA,,,,,,,SD,Petco Park,Luis Castillo,622491,R,0.15283878166089881,0.0715173643132808,0.98,-2.0000000000000018,today_sheet_player_team_lookup,Ramon Laureano,0.07008701702701518,0.19586876195487835,4-Seam,0.44806148202700113,3,13.620925239117705,45.0,9.104796136133888,52.153221639973424,0.05431387858676557,0.1,-0.013428057957991672,0.03153221639973424,0.012191503014894935,0.4698671083971867,0.11527264264069355
2026-04-16,,,Lawrence Butler,671732,L,L,ATH,TEX,,,,,,,ATH,Sutter Health Park,Jack Leiter,683004,R,0.16893796914307488,0.07787196745104073,0.9,-9.999999999999998,today_sheet_player_team_lookup,Lawrence Butler,0.07008477070593666,0.19586293450216052,4-Seam,0.35095327945028026,5,9.818181818181818,41.28146453089245,12.0,50.314629549079314,-0.002727272727272725,0.0976887871853547,0.03,0.013146295490793136,0.009817892116044998,0.5953975840335003,0.0936233704133561
2026-04-16,,,Zach Neto,687263,R,R,LAA,NYY,,,,,,,LAA,Yankee Stadium,Max Fried,608331,L,0.12415518984529683,0.05993535958371046,1.15,14.999999999999991,today_sheet_player_team_lookup,Zach Neto,0.06892566352126703,0.1928521976837877,Cutter,0.48049558390579006,3,18.0,45.0,6.03189493433396,48.60067622940764,0.12,0.1,-0.0595215759849906,-0.0039932377059236045,0.007791196143671001,0.4392947039378111,0.06175500706818977
2026-04-16,,,Vinnie Pasquantino,686469,L,L,KC,DET,,,,,,,KC,Comerica Park,Keider Montero,672456,R,0.1426745137042363,0.06745395358710152,1.01,1.0000000000000009,today_sheet_player_team_lookup,Vinnie Pasquantino,0.06812849312297253,0.1907772224701587,4-Seam,0.4644684479818078,4,10.269989615784008,45.0,8.944099378881988,52.47581699346405,0.004049844236760114,0.1,-0.015838509316770173,0.03475816993464051,0.01329612596709569,0.45737421472526035,0.11225235184647167
2026-04-16,,,Yordan Alvarez,670541,L,L,HOU,COL,,,,,,,HOU,Daikin Park,Juan Mejia,675848,R,0.14499611394299775,0.06838579137625374,0.99,-1.0000000000000009,today_sheet_player_team_lookup,Yordan Alvarez,0.0677019334624912,0.18966546032241205,4-Seam,0.7634032791309627,2,13.544061302681992,45.0,5.431372549019608,50.74957651044608,0.05316091954022988,0.1,-0.06852941176470588,0.01749576510446083,0.007225671954084663,0.6243313215194196,0.012873469125394001
2026-04-16,,,George Valera,671655,L,L,CLE,BAL,,,,,,,CLE,Progressive Field,Shane Baz,669358,R,0.12389907139387037,0.05983024928495235,1.13,12.99999999999999,today_sheet_player_team_lookup,George Valera,0.06760818169199614,0.18942097433557692,4-Seam,0.4082988267770876,4,5.714285714285715,45.0,6.293617561223195,50.9581573341998,-0.06428571428571427,0.1,-0.05559573658165207,0.019581573341997966,0.0100772957874212,0.5172595276435854,0.06407088678458649
2026-04-16,,,Elly De La Cruz,682829,S,L,CIN,SF,,,,,,,CIN,Great American BP,Landen Roupp,694738,R,0.13315620338079512,0.06360923344218032,1.06,6.000000000000005,today_sheet_player_team_lookup,Elly De La Cruz,0.06742578744871114,0.18894518550394734,Sinker,0.41150175943420747,3,10.812757973733584,38.44484629294756,10.090778786430961,47.156443267040856,0.012191369606003758,0.08066907775768536,0.0013616817964644222,-0.018435567329591437,0.006983456203233143,0.5892719263910158,0.008619147644245657
2026-04-16,,,Jake Burger,669394,R,R,TEX,ATH,,,,,,,TEX,Sutter Health Park,Jacob Lopez,682052,L,0.15718271765113,0.07324146843657126,0.92,-7.9999999999999964,today_sheet_player_team_lookup,Jake Burger,0.06738215096164556,0.18883132891700316,4-Seam,0.3566826565425955,4,15.457317073170733,43.68663594470046,7.982456140350878,45.21459248271917,0.08185975609756099,0.1,-0.030263157894736836,-0.03785407517280831,0.014111268622911153,0.627584156885564,0.033135377971442746
2026-04-16,,,Matt Vierling,663837,R,R,DET,KC,,,,,,,DET,Comerica Park,Kris Bubic,663460,L,0.14402299863857065,0.06799547942125024,0.99,-1.0000000000000009,today_sheet_player_team_lookup,Matt Vierling,0.06731552462703774,0.1886574665259516,4-Seam,0.49724254441270055,3,15.824175824175825,44.0,6.696969696969697,49.32488029482052,0.08736263736263737,0.1,-0.04954545454545454,0.0032488029482051674,0.008167727152108898,0.4598553512394224,0.11925530040400766
2026-04-16,,,Casey Schmitt,669477,R,R,SF,CIN,,,,,,,SF,Great American BP,Chase Burns,695505,R,0.12982207476345317,0.062252849098058345,1.08,8.000000000000007,today_sheet_player_team_lookup,Casey Schmitt,0.06723307702590302,0.18844228391887052,4-Seam,0.5637694681690949,2,8.034433285509326,45.0,8.675324675324676,52.19148936170213,-0.029483500717360105,0.1,-0.01987012987012986,0.03191489361702132,0.007680729482660118,0.4056874719736273,0.13948635365351866
2026-04-16,,,Rhys Hoskins,656555,R,R,CLE,BAL,,,,,,,CLE,Progressive Field,Shane Baz,669358,R,0.13990984868717346,0.06634130534207267,1.0,0.0,today_sheet_player_team_lookup,Rhys Hoskins,0.06634130534207267,0.186112388925605,4-Seam,0.45619530092904265,3,11.094527363184081,45.0,10.272373540856032,51.57349896480332,0.016417910447761218,0.1,0.004085603112840479,0.025734989648033207,0.011864012966130613,0.46421234763462405,0.08853052902327574
2026-04-16,,,Taylor Ward,621493,R,R,BAL,CLE,,,,,,,BAL,Progressive Field,Parker Messick,800048,L,0.12570687707620606,0.06057147513392168,1.09,9.000000000000007,today_sheet_player_team_lookup,Taylor Ward,0.06602290789597463,0.18527944605110436,4-Seam,0.4118959007308216,4,16.216216216216218,45.0,7.538877620013523,50.77986096481989,0.09324324324324326,0.1,-0.03691683569979716,0.01779860964819889,0.009221459119329223,0.4121166607152228,0.07658316390886358
2026-04-16,,,Joey Bart,663698,R,R,PIT,WSN,,,,,,,PIT,PNC Park,Foster Griffin,656492,L,0.16335780256512414,0.0756801299339073,0.87,-13.0,today_sheet_player_team_lookup,Joey Bart,0.06584171304249935,0.1848051780613017,Cutter,0.3789473684210526,3,7.547169811320756,43.63636363636364,12.0,47.96747967479675,-0.036792452830188664,0.1,0.03,-0.01032520325203251,0.011245456790262363,0.703256140350877,0.01765815060717483
2026-04-16,,,Patrick Wisdom,621550,R,R,SEA,SD,,,,,,,SEA,Petco Park,Walker Buehler,621111,R,0.14006485649904776,0.06640377543670706,0.99,-1.0000000000000009,today_sheet_player_team_lookup,Patrick Wisdom,0.06573973768233998,0.18453818200161676,4-Seam,0.27962248863414707,4,9.090909090909092,45.0,11.492063492063494,46.150037928694054,-0.013636363636363624,0.1,0.022380952380952408,-0.02849962071305946,0.012212956699596956,0.5,0.09301221271786395
2026-04-16,,,Vaughn Grissom,687093,R,R,LAA,NYY,,,,,,,LAA,Yankee Stadium,Max Fried,608331,L,0.09513270339080154,0.047796195758405324,1.37,37.000000000000014,today_sheet_player_team_lookup,Vaughn Grissom,0.0654807881890153,0.1838599278785853,4-Seam,0.5121605667060213,2,0.0,5.0,6.03189493433396,48.60067622940764,-0.12,-0.1,-0.0595215759849906,-0.0039932377059236045,0.0077382765352636464,0.5289366391184572,0.07275107550349302
2026-04-16,,,Luis García Jr.,671277,L,L,WSN,PIT,,,,,,,WSN,PNC Park,Braxton Ashcraft,677952,R,0.14440495782621698,0.06814872846514333,0.96,-4.0000000000000036,today_sheet_player_team_lookup,Luis Garcia,0.0654227793265376,0.18370793647347872,4-Seam,0.3978341113375724,3,11.0,45.0,5.105421686746988,53.45662847790508,0.015,0.1,-0.07341867469879518,0.04456628477905077,0.007658133180251086,0.5622860490829111,0.06784309678942303
2026-04-16,,,Jeremiah Jackson,669236,R,R,BAL,CLE,,,,,,,BAL,Progressive Field,Parker Messick,800048,L,0.13226268607370015,0.06324623920518188,1.02,2.0000000000000018,today_sheet_player_team_lookup,Jeremiah Jackson,0.06451116398928552,0.18131689661417638,4-Seam,0.4871546188484187,3,4.848484848484849,26.666666666666668,7.538877620013523,50.77986096481989,-0.07727272727272727,0.010000000000000007,-0.03691683569979716,0.01779860964819889,0.008131941032905866,0.605521741138437,0.07682352601276253
2026-04-16,,,Kyle Manzardo,700932,L,L,CLE,BAL,,,,,,,CLE,Progressive Field,Shane Baz,669358,R,0.1208305815738729,0.05856839253740167,1.1,10.000000000000009,today_sheet_player_team_lookup,Kyle Manzardo,0.06442523179114185,0.18109126794237784,4-Seam,0.4082988267770876,4,11.14477468839885,45.0,6.293617561223195,50.9581573341998,0.01717162032598276,0.1,-0.05559573658165207,0.019581573341997966,0.010798527132991878,0.41211535733456073,0.09516205988486798
2026-04-16,,,Mitch Garver,641598,R,R,SEA,SD,,,,,,,SEA,Petco Park,Walker Buehler,621111,R,0.13779748281046192,0.06548895496504178,0.98,-2.0000000000000018,today_sheet_player_team_lookup,Mitch Garver,0.06417917586574094,0.1804449796355625,4-Seam,0.2381323553840453,5,10.513157894736842,45.0,11.492063492063494,46.150037928694054,0.007697368421052637,0.1,0.022380952380952408,-0.02849962071305946,0.011804750571262786,0.44952054808566816,0.11504987794474665
2026-04-16,,,Lenyn Sosa,672820,R,R,TOR,MIL,,,,,,,TOR,American Family Fld,Brandon Sproat,687075,R,0.1311112423821211,0.06277791843440331,1.02,2.0000000000000018,today_sheet_player_team_lookup,Lenyn Sosa,0.06403347680309138,0.18006212753296558,Sinker,0.5663035513653462,3,10.934504792332268,41.83509513742072,6.580645161290322,51.8566018247547,0.014017571884984016,0.1,-0.05129032258064517,0.028566018247546978,0.008472630078025898,0.532888382530794,0.036882190941628076
2026-04-16,,,Carlos Correa,621043,R,R,HOU,COL,,,,,,,HOU,Daikin Park,Juan Mejia,675848,R,0.13004283656403376,0.06234281919408459,1.01,1.0000000000000009,today_sheet_player_team_lookup,Carlos Correa,0.06296624738602544,0.17725414255134486,4-Seam,0.49652134093385325,3,7.151162790697675,43.5483870967742,4.324324324324325,47.83810566943097,-0.04273255813953488,0.1,-0.08513513513513513,-0.011618943305690266,0.006415801852890364,0.535418297370008,0.1038605222465524
2026-04-16,,,Oswald Peraza,672724,R,R,LAA,NYY,,,,,,,LAA,Yankee Stadium,Max Fried,608331,L,0.11332397886231742,0.05546084866647769,1.13,12.99999999999999,today_sheet_player_team_lookup,Oswald Peraza,0.06267075899311979,0.17647555206021182,Cutter,0.37418800152846776,4,6.122448979591837,40.00000000000001,6.03189493433396,48.60067622940764,-0.05816326530612244,0.09000000000000004,-0.0595215759849906,-0.0039932377059236045,0.006244784556110086,0.5688765530737254,0.002537416813961847
2026-04-16,,,Miguel Vargas,678246,R,R,CWS,TB,,,,,,,CWS,Rate Field,Steven Matz,571927,L,0.09854778079727908,0.04925074339376139,1.27,27.0,today_sheet_player_team_lookup,Miguel Vargas,0.06254844411007697,0.17615311751801632,Sinker,0.5281532785972177,3,7.328490718321227,45.0,8.606060606060607,50.83760683760684,-0.040072639225181596,0.1,-0.02090909090909089,0.01837606837606842,0.007706688917122082,0.35986939734161477,0.06955730237212927
2026-04-16,,,Luis Matos,682641,R,R,MIL,TOR,,,,,,,MIL,American Family Fld,Patrick Corbin,571578,L,0.12351383891791963,0.05967208953770009,1.04,4.0000000000000036,today_sheet_player_team_lookup,Luis Matos,0.0620589731192081,0.1748619796488844,Slider,0.32537960954446854,4,10.442655935613683,45.0,9.141274238227147,46.18599791013584,0.006639839034205242,0.1,-0.012880886426592788,-0.02814002089864161,0.011481531071362459,0.5373585651859537,0.009942227576809657
2026-04-16,,,Gary Sánchez,596142,R,R,MIL,TOR,,,,,,,MIL,American Family Fld,Patrick Corbin,571578,L,0.12735850809181817,0.061247270241758904,1.01,1.0000000000000009,today_sheet_player_team_lookup,Gary Sanchez,0.061859742944176496,0.17433605965304355,Slider,0.32537960954446854,4,15.844155844155845,45.0,9.141274238227147,46.18599791013584,0.08766233766233766,0.1,-0.012880886426592788,-0.02814002089864161,0.0098589574975886,0.47930031332851303,0.03871155499369776
2026-04-16,,,Travis d'Arnaud,518595,R,R,LAA,NYY,,,,,,,LAA,Yankee Stadium,Max Fried,608331,L,0.10053760404078449,0.05009475075381172,1.22,21.999999999999996,today_sheet_player_team_lookup,Travis d'Arnaud,0.0611155959196503,0.17236971340922702,4-Seam,0.5121605667060213,2,11.03448275862069,45.0,6.03189493433396,48.60067622940764,0.015517241379310355,0.1,-0.0595215759849906,-0.0039932377059236045,0.007190570611572062,0.37765273514364417,0.06638247386947932
2026-04-16,,,Javier Báez,595879,R,R,DET,KC,,,,,,,DET,Comerica Park,Kris Bubic,663460,L,0.1268858070726258,0.061053990966745963,1.0,0.0,today_sheet_player_team_lookup,Javier Baez,0.061053990966745963,0.1722067876961042,4-Seam,0.49724254441270055,3,5.818181818181818,28.96551724137931,6.696969696969697,49.32488029482052,-0.06272727272727273,0.023793103448275857,-0.04954545454545454,0.0032488029482051674,0.006542284146103342,0.5702870348994922,0.08407311906981008
2026-04-16,,,Jazz Chisholm Jr.,665862,L,L,NYY,LAA,,,,,,,NYY,Yankee Stadium,Brent Suter,608718,L,0.10757459990376551,0.05305987801886215,1.15,14.999999999999991,today_sheet_player_team_lookup,Jazz Chisholm,0.06101885972169147,0.17211386703603926,Sinker,0.39722855385505984,3,7.476635514018692,45.0,9.966405375139978,52.52488687782806,-0.037850467289719615,0.1,-0.0005039193729003343,0.035248868778280595,0.010891869816856576,0.38471199247440246,0.06119234291039597
2026-04-16,,,Wyatt Langford,694671,R,R,TEX,ATH,,,,,,,TEX,Sutter Health Park,Jacob Lopez,682052,L,0.14856991926694174,0.06981588103116614,0.87,-13.0,today_sheet_player_team_lookup,Wyatt Langford,0.06073981649711454,0.17137556250924657,4-Seam,0.3566826565425955,4,15.42857142857143,45.0,7.982456140350878,45.21459248271917,0.08142857142857146,0.1,-0.030263157894736836,-0.03785407517280831,0.015206420871194289,0.5427752678056024,0.06775912766010772
2026-04-16,,,TJ Rumfield,681198,L,L,COL,HOU,,,,,,,COL,Daikin Park,Ryan Weiss,680802,R,0.11876768789224923,0.057717368918531686,1.04,4.0000000000000036,today_sheet_player_team_lookup,TJ Rumfield,0.06002606367527295,0.16948508767476256,4-Seam,0.5416666666666666,3,14.803921568627453,45.0,3.3333333333333335,46.111111111111114,0.0720588235294118,0.1,-0.09999999999999999,-0.028888888888888856,0.009722434788383943,0.3836000000000003,0.13266126371574155
2026-04-16,,,Kazuma Okamoto,672960,R,R,TOR,MIL,,,,,,,TOR,American Family Fld,Brandon Sproat,687075,R,0.12145656551486149,0.05882620274737615,1.0163636363636366,1.636363636363639,team_avg_lookup,,0.05978881333778777,0.16885606061493508,Sinker,0.5663035513653462,3,13.333333333333334,33.333333333333336,6.580645161290322,51.8566018247547,0.05000000000000001,0.05000000000000002,-0.05129032258064517,0.028566018247546978,0.007248173608798137,0.4857776728416167,0.047014154339392426
2026-04-16,,,CJ Abrams,682928,L,L,WSN,PIT,,,,,,,WSN,PNC Park,Braxton Ashcraft,677952,R,0.1306894633667971,0.06260621626879878,0.94,-6.000000000000005,today_sheet_player_team_lookup,C.J. Abrams,0.05884984329267085,0.16636343261224207,4-Seam,0.3978341113375724,3,8.790052606408418,45.0,5.105421686746988,53.45662847790508,-0.018149210903873732,0.1,-0.07341867469879518,0.04456628477905077,0.008430721791649776,0.503415279367386,0.07880405103327649
2026-04-16,,,Randy Arozarena,668227,R,R,SEA,SD,,,,,,,SEA,Petco Park,Walker Buehler,621111,R,0.12574610834057182,0.060587542703143815,0.97,-3.0000000000000027,today_sheet_player_team_lookup,Randy Arozarena,0.0587699164220495,0.16615102563250594,4-Seam,0.2381323553840453,5,11.555555555555557,45.0,11.492063492063494,46.150037928694054,0.023333333333333355,0.1,0.022380952380952408,-0.02849962071305946,0.014422169779545127,0.4072064559579473,0.09237811436331446
2026-04-16,,,Jake Cronenworth,630105,L,L,SD,SEA,,,,,,,SD,Petco Park,Luis Castillo,622491,R,0.1419838925035691,0.06717631631324994,0.87,-13.0,today_sheet_player_team_lookup,Jake Cronenworth,0.05844339519252745,0.16528291529242423,4-Seam,0.4743410359691895,4,6.866847157272951,45.0,12.0,47.49297752808989,-0.046997292640905734,0.1,0.03,-0.01507022471910112,0.010076532616258757,0.4472675256539006,0.15405265376478786
2026-04-16,,,Sal Stewart,701398,R,R,CIN,SF,,,,,,,CIN,Great American BP,Landen Roupp,694738,R,0.10607862754665645,0.05243203053832316,1.11,11.00000000000001,today_sheet_player_team_lookup,Sal Stewart,0.05819955389753871,0.1646342303058651,Sinker,0.5301338985512704,2,13.907888736890104,42.52873563218391,6.38337012509198,44.68054175303104,0.05861833105335156,0.1,-0.0542494481236203,-0.04319458246968964,0.010505112010538043,0.4396386347022059,0.02785367282115656
2026-04-16,,,Luis Rengifo,650859,S,R,MIL,TOR,,,,,,,MIL,American Family Fld,Patrick Corbin,571578,L,0.11254051637264276,0.05513476611754035,1.05,5.000000000000004,today_sheet_player_team_lookup,Luis Rengifo,0.05789150442341737,0.16381425352660095,Slider,0.32537960954446854,4,4.328297264189465,45.0,9.141274238227147,46.18599791013584,-0.08507554103715802,0.1,-0.012880886426592788,-0.02814002089864161,0.00928807181779719,0.5058499267664129,0.04113508462380101
2026-04-16,,,Dillon Dingler,693307,R,R,DET,KC,,,,,,,DET,Comerica Park,Kris Bubic,663460,L,0.12281006037835421,0.05938295728980216,0.97,-3.0000000000000027,today_sheet_player_team_lookup,Dillon Dingler,0.057601468571108094,0.16304173576215153,4-Seam,0.49724254441270055,3,13.327935222672066,45.0,6.696969696969697,49.32488029482052,0.04991902834008098,0.1,-0.04954545454545454,0.0032488029482051674,0.006831117328832905,0.4675139845210676,0.05703284592411428
2026-04-16,,,Jonny DeLuca,676356,R,R,TB,CWS,,,,,,,TB,Rate Field,Jordan Leasure,673929,R,0.08419136149782679,0.043081455901639226,1.33,33.00000000000001,today_sheet_player_team_lookup,Jonny DeLuca,0.057298336349180176,0.1622338271331205,Slider,0.517345526333704,2,0.0,45.0,12.0,44.64234123964847,-0.12,0.1,0.03,-0.043576587603515335,0.00882852619379679,0.33622256713588083,0.06475368770523732
2026-04-16,,,Gleyber Torres,650402,R,R,DET,KC,,,,,,,DET,Comerica Park,Kris Bubic,663460,L,0.11743551748958894,0.05716661993613456,1.0,0.0,today_sheet_player_team_lookup,Gleyber Torres,0.05716661993613456,0.1618826143001164,4-Seam,0.6207467333505282,2,7.647058823529412,35.55555555555556,6.696969696969697,49.32488029482052,-0.035294117647058816,0.06333333333333334,-0.04954545454545454,0.0032488029482051674,0.010489994463397939,0.40363198522895805,0.13425285190099476
2026-04-16,,,Yainer Diaz,673237,R,R,HOU,COL,,,,,,,HOU,Daikin Park,Juan Mejia,675848,R,0.11312522358814073,0.055378157437618196,1.03,3.0000000000000027,today_sheet_player_team_lookup,Yainer Diaz,0.05703950216074674,0.16154357035645706,4-Seam,0.49652134093385325,3,8.40398293029872,38.752941176470586,4.324324324324325,47.83810566943097,-0.023940256045519186,0.08251764705882352,-0.08513513513513513,-0.011618943305690266,0.008541671543662267,0.42841922969415214,0.11208929655623356
2026-04-16,,,Marcell Ozuna,542303,R,R,PIT,WSN,,,,,,,PIT,PNC Park,Foster Griffin,656492,L,0.12718631028911503,0.06117687401756586,0.93,-6.999999999999995,today_sheet_player_team_lookup,Marcell Ozuna,0.05689449283633625,0.16115669508772967,Cutter,0.3789473684210526,3,8.606060606060607,43.0,12.0,47.96747967479675,-0.02090909090909089,0.1,0.03,-0.01032520325203251,0.009912516099759176,0.5038341307814991,0.03852397747944854
2026-04-16,,,Nick Fortes,663743,R,R,TB,CWS,,,,,,,TB,Rate Field,Jordan Leasure,673929,R,0.09900409378714846,0.04944451811423794,1.15,14.999999999999991,today_sheet_player_team_lookup,Nick Fortes,0.056861195831373626,0.1610678440876816,Slider,0.517345526333704,2,6.868044515103339,45.0,12.0,44.64234123964847,-0.046979332273449914,0.1,0.03,-0.043576587603515335,0.008634001689736163,0.3679061671815054,0.07014966485456117
2026-04-16,,,Dominic Canzone,686527,L,L,SEA,SD,,,,,,,SEA,Petco Park,Walker Buehler,621111,R,0.12289569265351123,0.059418150718465866,0.95,-5.000000000000004,today_sheet_player_team_lookup,Dominic Canzone,0.05644724318254257,0.1599627131166682,4-Seam,0.30606983101391655,4,16.81818181818182,45.0,6.837606837606838,47.25090983729504,0.10227272727272729,0.1,-0.04743589743589743,-0.017490901627049596,0.008429312213520938,0.469951406372044,0.038690064877283416
2026-04-16,,,Luis Campusano,669134,R,R,SD,SEA,,,,,,,SD,Petco Park,Luis Castillo,622491,R,0.1188238008455343,0.05774054686146659,0.97,-3.0000000000000027,today_sheet_player_team_lookup,Luis Campusano,0.05600833045562259,0.15878988651017478,4-Seam,0.44806148202700113,3,8.41025641025641,45.0,9.104796136133888,52.153221639973424,-0.02384615384615384,0.1,-0.013428057957991672,0.03153221639973424,0.00881476150802898,0.47236428972906996,0.03766768037823338
2026-04-16,,,William Contreras,661388,R,R,MIL,TOR,,,,,,,MIL,American Family Fld,Patrick Corbin,571578,L,0.10798785745813969,0.053233087344952,1.05,5.000000000000004,today_sheet_player_team_lookup,William Contreras,0.0558947417121996,0.15848618627356392,Slider,0.32537960954446854,4,5.0,39.682539682539684,9.141274238227147,46.18599791013584,-0.075,0.0880952380952381,-0.012880886426592788,-0.02814002089864161,0.007727819359101926,0.5187001494335988,0.015394417644425212
2026-04-16,,,Xander Bogaerts,593428,R,R,SD,SEA,,,,,,,SD,Petco Park,Luis Castillo,622491,R,0.11387884945583895,0.05569158506908557,1.0,0.0,today_sheet_player_team_lookup,Xander Bogaerts,0.05569158506908557,0.15794282764784995,4-Seam,0.44806148202700113,3,6.905681191395477,45.0,9.104796136133888,52.153221639973424,-0.04641478212906785,0.1,-0.013428057957991672,0.03153221639973424,0.007368774666862286,0.3879315233360335,0.10015985350593923
2026-04-16,,,Ezequiel Tovar,678662,R,R,COL,HOU,,,,,,,COL,Daikin Park,Ryan Weiss,680802,R,0.11226881877477006,0.05502160426214129,1.0,0.0,today_sheet_player_team_lookup,Ezequiel Tovar,0.05502160426214129,0.15614925311538663,4-Seam,0.48235294117647065,3,10.592058494973088,45.0,11.11111111111111,45.05494505494506,0.00888087742459632,0.1,0.01666666666666666,-0.03945054945054942,0.008803797927554797,0.33964245253657055,0.12328763593217347
2026-04-16,,,Drew Gilbert,687551,L,L,SF,CIN,,,,,,,SF,Great American BP,Chase Burns,695505,R,0.09616484491017001,0.04823661835708112,1.14,13.99999999999999,today_sheet_player_team_lookup,Drew Gilbert,0.05498974492707247,0.15606390059234843,4-Seam,0.6994398277817643,2,4.705882352941177,45.0,11.647509578544062,50.760424377004696,-0.07941176470588235,0.1,0.024712643678160926,0.017604243770046962,0.01337492400057186,0.4185709395128525,0.0
2026-04-16,,,Joey Ortiz,687401,R,R,MIL,TOR,,,,,,,MIL,American Family Fld,Patrick Corbin,571578,L,0.11214737195644076,0.054971008468682275,1.0,0.0,today_sheet_player_team_lookup,Joey Ortiz,0.054971008468682275,0.15601370213036803,Slider,0.32537960954446854,4,4.502032520325203,40.952380952380956,9.141274238227147,46.18599791013584,-0.08246951219512196,0.09571428571428574,-0.012880886426592788,-0.02814002089864161,0.008175938837703563,0.5558934408434786,0.0024106746654625776
2026-04-16,,,Carlos Cortes,666126,L,L,ATH,TEX,,,,,,,ATH,Sutter Health Park,Jack Leiter,683004,R,0.13715411925979523,0.06522896626262371,0.84,-16.000000000000004,today_sheet_player_team_lookup,Carlos Cortes,0.05479233166060392,0.15553489367207196,4-Seam,0.35095327945028026,5,9.740198393953708,45.0,12.0,50.314629549079314,-0.0038970240906943763,0.1,0.03,0.013146295490793136,0.009544202300198874,0.3928048856829054,0.14456138199199267
2026-04-16,,,Davis Schneider,676914,R,R,TOR,MIL,,,,,,,TOR,American Family Fld,Brandon Sproat,687075,R,0.11269464585300376,0.055198942714616006,0.99,-1.0000000000000009,today_sheet_player_team_lookup,Davis Schneider,0.054646953287469845,0.155145182974607,Sinker,0.5663035513653462,3,13.75,45.0,6.580645161290322,51.8566018247547,0.056249999999999994,0.1,-0.05129032258064517,0.028566018247546978,0.009711568210204392,0.3841332649439047,0.06892060384310891
2026-04-16,,,Michael Massey,686681,L,L,KC,DET,,,,,,,KC,Comerica Park,Keider Montero,672456,R,0.10449121509313626,0.05176435193248575,1.05,5.000000000000004,today_sheet_player_team_lookup,Michael Massey,0.05435256952911004,0.15435567160360109,4-Seam,0.4644684479818078,4,3.0476190476190474,45.0,8.944099378881988,52.47581699346405,-0.10428571428571429,0.1,-0.015838509316770173,0.03475816993464051,0.007549134611000449,0.38984181239204097,0.08807345538392714
2026-04-16,,,Joey Loperfido,694388,L,L,HOU,COL,,,,,,,HOU,Daikin Park,Juan Mejia,675848,R,0.11411851950510217,0.05579119684830884,0.96,-4.0000000000000036,today_sheet_player_team_lookup,Joey Loperfido,0.05355954897437649,0.15222641334062648,4-Seam,0.7634032791309627,2,7.2023809523809526,44.111111111111114,5.431372549019608,50.74957651044608,-0.04196428571428571,0.1,-0.06852941176470588,0.01749576510446083,0.010721530175904562,0.541797070523057,0.0
2026-04-16,,,Edouard Julien,666397,L,L,COL,HOU,,,,,,,COL,Daikin Park,Ryan Weiss,680802,R,0.0944959927317543,0.047524149319087335,1.12,12.00000000000001,today_sheet_player_team_lookup,Edouard Julien,0.05322704723737782,0.1513325845745983,4-Seam,0.5416666666666666,3,12.502732240437158,43.01587301587302,3.3333333333333335,46.111111111111114,0.037540983606557374,0.1,-0.09999999999999999,-0.028888888888888856,0.007709619064367384,0.350970410628019,0.08119688516926543
2026-04-16,,,Brandon Lockridge,663604,R,R,MIL,TOR,,,,,,,MIL,American Family Fld,Patrick Corbin,571578,L,0.09748162616568755,0.0487974715139233,1.09,9.000000000000007,today_sheet_player_team_lookup,Brandon Lockridge,0.0531892439501764,0.15123092229441115,Slider,0.32537960954446854,4,5.8730158730158735,21.481481481481485,9.141274238227147,46.18599791013584,-0.06190476190476189,-0.021111111111111094,-0.012880886426592788,-0.02814002089864161,0.008814663413931136,0.5290322969390217,0.0
2026-04-16,,,Trent Grisham,663757,L,L,NYY,LAA,,,,,,,NYY,Yankee Stadium,Brent Suter,608718,L,0.09028442098315093,0.045717646287906914,1.16,15.999999999999993,today_sheet_player_team_lookup,Trent Grisham,0.05303246969397202,0.15080923134616586,Sinker,0.39722855385505984,3,11.176470588235295,45.0,9.966405375139978,52.52488687782806,0.01764705882352943,0.1,-0.0005039193729003343,0.035248868778280595,0.012180624622205054,0.2642042130010954,0.07362559368985211
2026-04-16,,,Jung Hoo Lee,808982,L,L,SF,CIN,,,,,,,SF,Great American BP,Chase Burns,695505,R,0.08273190701978432,0.04244583178070191,1.24,24.0,today_sheet_player_team_lookup,Jung Hoo Lee,0.05263283140807037,0.14973365365412816,4-Seam,0.6994398277817643,2,3.94726433750824,45.0,11.647509578544062,50.760424377004696,-0.09079103493737639,0.1,0.024712643678160926,0.017604243770046962,0.006700946062076494,0.21567000351101456,0.1300405875531453
2026-04-16,,,Cedric Mullins,656775,L,L,TB,CWS,,,,,,,TB,Rate Field,Jordan Leasure,673929,R,0.09227688223064774,0.04657382900169379,1.13,12.99999999999999,today_sheet_player_team_lookup,Cedric Mullins,0.052628426771913976,0.1497217940559863,4-Seam,0.6462774197546165,2,6.938684503901896,45.0,10.54251012145749,47.94123962210135,-0.045919732441471565,0.1,0.008137651821862341,-0.010587603778986505,0.0166962105038774,0.29521383893464354,0.07969386770202172
2026-04-16,,,Jonathan India,663697,R,R,KC,DET,,,,,,,KC,Comerica Park,Keider Montero,672456,R,0.10584563203989321,0.0523341250915632,0.99,-1.0000000000000009,today_sheet_player_team_lookup,Jonathan India,0.051810783840647565,0.14751835821236636,Sinker,0.49298805507431387,3,6.125073056691994,45.0,4.311377245508982,56.07512033456956,-0.05812390414962009,0.1,-0.08532934131736526,0.07075120334569561,0.0071531798494246695,0.44299502055105316,0.047113920730340125
2026-04-16,,,Maikel Garcia,672580,R,R,KC,DET,,,,,,,KC,Comerica Park,Keider Montero,672456,R,0.10586024554856815,0.05234026668351046,0.98,-2.0000000000000018,today_sheet_player_team_lookup,Maikel Garcia,0.05129346134984025,0.14612228059825694,Sinker,0.49298805507431387,3,6.91609977324263,44.09090909090909,4.311377245508982,56.07512033456956,-0.04625850340136055,0.1,-0.08532934131736526,0.07075120334569561,0.005969027411071364,0.44670461695678493,0.04161734265271134
2026-04-16,,,Cody Bellinger,641355,L,L,NYY,LAA,,,,,,,NYY,Yankee Stadium,Brent Suter,608718,L,0.0833531884923699,0.042716617260038656,1.2,19.999999999999996,today_sheet_player_team_lookup,Cody Bellinger,0.051259940712046384,0.14603176724375544,Sinker,0.39722855385505984,3,6.666666666666668,45.0,9.966405375139978,52.52488687782806,-0.04999999999999998,0.1,-0.0005039193729003343,0.035248868778280595,0.01004731596043521,0.2792983341218865,0.06280447251407954
2026-04-16,,,Wenceel Pérez,672761,S,R,DET,KC,,,,,,,DET,Comerica Park,Kris Bubic,663460,L,0.09653863191256884,0.04839594089058344,1.05,5.000000000000004,today_sheet_player_team_lookup,Wenceel Perez,0.05081573793511261,0.1448317145312531,4-Seam,0.49724254441270055,3,9.411764705882353,41.42857142857143,6.696969696969697,49.32488029482052,-0.0088235294117647,0.09857142857142859,-0.04954545454545454,0.0032488029482051674,0.00930412922160006,0.35027231856847485,0.07122647733500971
2026-04-16,,,Nick Castellanos,592206,R,R,SD,SEA,,,,,,,SD,Petco Park,Luis Castillo,622491,R,0.10565993146905064,0.05225606997569509,0.97,-3.0000000000000027,today_sheet_player_team_lookup,Nick Castellanos,0.05068838787642423,0.14448745994970558,4-Seam,0.44806148202700113,3,7.204545454545455,45.0,9.104796136133888,52.153221639973424,-0.041931818181818174,0.1,-0.013428057957991672,0.03153221639973424,0.008882511411119438,0.3580599006995555,0.08807718210310553
2026-04-16,,,Nick Gonzales,693304,R,R,PIT,WSN,,,,,,,PIT,PNC Park,Foster Griffin,656492,L,0.1214815172981694,0.05883647495157447,0.86,-14.000000000000002,today_sheet_player_team_lookup,Nick Gonzales,0.05059936845835405,0.14424676647504786,Cutter,0.3789473684210526,3,6.0,45.0,12.0,47.96747967479675,-0.06,0.1,0.03,-0.01032520325203251,0.009602449554411408,0.49417649631324745,0.044553582177039655
2026-04-16,,,Nick Yorke,694377,R,R,PIT,WSN,,,,,,,PIT,PNC Park,Foster Griffin,656492,L,0.1143236621982335,0.05587643342745584,0.9,-9.999999999999998,today_sheet_player_team_lookup,Nick Yorke,0.05028879008471025,0.14340666148925574,Cutter,0.3789473684210526,3,0.9523809523809524,45.0,12.0,47.96747967479675,-0.12,0.1,0.03,-0.01032520325203251,0.008904384094041895,0.5548096240601509,0.0
2026-04-16,,,Derek Hill,656537,R,R,CWS,TB,,,,,,,CWS,Rate Field,Steven Matz,571927,L,0.08526465054653495,0.04354784140782878,1.15,14.999999999999991,today_sheet_player_team_lookup,Derek Hill,0.050080017619003096,0.14284162945592793,Sinker,0.5281532785972177,3,8.88888888888889,43.333333333333336,8.606060606060607,50.83760683760684,-0.01666666666666666,0.1,-0.02090909090909089,0.01837606837606842,0.00826548790205224,0.34600973135036867,0.021239081023201586
2026-04-16,,,Brandon Lowe,664040,L,L,PIT,WSN,,,,,,,PIT,PNC Park,Foster Griffin,656492,L,0.1022789223419036,0.05083129692715962,0.98,-2.0000000000000018,today_sheet_player_team_lookup,Brandon Lowe,0.04981467098861642,0.14212312380681258,Sweeper,0.4426229508196721,3,5.052631578947369,45.0,0.0,47.674418604651166,-0.07421052631578946,0.1,-0.12,-0.013255813953488342,0.009372117628658791,0.5137038951250369,0.031069712558519747
2026-04-16,,,Connor Joe,656582,R,R,SEA,SD,,,,,,,SEA,Petco Park,Walker Buehler,621111,R,0.09835833369085567,0.04917025458474281,1.01,1.0000000000000009,today_sheet_player_team_lookup,Connor Joe,0.04966195713059024,0.14170942321444657,4-Seam,0.2381323553840453,5,0.8333333333333335,39.53917050691244,11.492063492063494,46.150037928694054,-0.12,0.08723502304147465,0.022380952380952408,-0.02849962071305946,0.009692631498848784,0.41441872074351416,0.06114979710397908
2026-04-16,,,Sam Haggerty,664059,S,R,TEX,ATH,,,,,,,TEX,Sutter Health Park,Jacob Lopez,682052,L,0.10250743201285914,0.050927812155392806,0.97,-3.0000000000000027,today_sheet_player_team_lookup,Sam Haggerty,0.04939997779073102,0.1409994135764231,4-Seam,0.3566826565425955,4,1.1940298507462688,42.52100840336135,7.982456140350878,45.21459248271917,-0.12,0.1,-0.030263157894736836,-0.03785407517280831,0.010218828148945055,0.5324991056714714,0.005508102608523287
2026-04-16,,,Brice Matthews,694728,R,R,HOU,COL,,,,,,,HOU,Daikin Park,Juan Mejia,675848,R,0.08959181305466843,0.04541936365383148,1.0833333333333333,8.333333333333332,team_avg_lookup,,0.0492043106249841,0.14046886611686904,4-Seam,0.49652134093385325,3,18.0,45.0,4.324324324324325,47.83810566943097,0.12,0.1,-0.08513513513513513,-0.011618943305690266,0.010436434526399037,0.2522768126240217,0.09690742074221506
2026-04-16,,,Luke Raley,670042,L,L,SEA,SD,,,,,,,SEA,Petco Park,Walker Buehler,621111,R,0.10248877365719414,0.05091993266940142,0.96,-4.0000000000000036,today_sheet_player_team_lookup,Luke Raley,0.04888313536262536,0.1395975325492842,4-Seam,0.40892301307325174,3,10.99962839093274,45.0,6.837606837606838,47.25090983729504,0.014994425863991098,0.1,-0.04743589743589743,-0.017490901627049596,0.008034315795924321,0.4260938014079869,0.033777328016542776
2026-04-16,,,Troy Johnston,687859,L,L,COL,HOU,,,,,,,COL,Daikin Park,Ryan Weiss,680802,R,0.09472438043993556,0.047621763733701604,1.02,2.0000000000000018,today_sheet_player_team_lookup,Troy Johnston,0.04857419900837564,0.13875884712752118,4-Seam,0.5416666666666666,3,9.125724363819602,45.0,3.3333333333333335,46.111111111111114,-0.01311413454270597,0.1,-0.09999999999999999,-0.028888888888888856,0.007447693067806101,0.34968356357694635,0.10321549269029032
2026-04-16,,,Edgar Quero,700337,S,R,CWS,TB,,,,,,,CWS,Rate Field,Steven Matz,571927,L,0.06436291353482902,0.03428888077945603,1.41,40.99999999999999,today_sheet_player_team_lookup,Edgar Quero,0.048347321899033,0.13814258519461753,Sinker,0.5281532785972177,3,3.214793741109531,36.18181818181819,8.606060606060607,50.83760683760684,-0.10177809388335703,0.06709090909090912,-0.02090909090909089,0.01837606837606842,0.006583778026523424,0.28714788972151833,0.025186105332846237
2026-04-16,,,Eugenio Suárez,553993,R,R,CIN,SF,,,,,,,CIN,Great American BP,Landen Roupp,694738,R,0.0899306708466598,0.04556534120958314,1.06,6.000000000000005,today_sheet_player_team_lookup,Eugenio Suarez,0.04829926168215813,0.13801200242918576,Sinker,0.5301338985512704,2,12.438133874239352,45.0,6.38337012509198,44.68054175303104,0.03657200811359027,0.1,-0.0542494481236203,-0.04319458246968964,0.00781771856217718,0.4142994882333396,0.0
2026-04-16,,,Greg Jones,675659,S,R,MIL,TOR,,,,,,,MIL,American Family Fld,Patrick Corbin,571578,L,0.0894951874061693,0.045377722839918325,1.0508333333333335,5.083333333333337,team_avg_lookup,,0.047684423750947516,0.13634028349372673,Slider,1.0,1,0.0,,9.141274238227147,46.18599791013584,-0.12,0.0,-0.012880886426592788,-0.02814002089864161,0.010925903809163891,0.5,0.0
2026-04-16,,,Dylan Beavers,687637,L,L,BAL,CLE,,,,,,,BAL,Progressive Field,Parker Messick,800048,L,0.08429719655318188,0.04312748477849826,1.1,10.000000000000009,today_sheet_player_team_lookup,Dylan Beavers,0.04744023325634809,0.13567574041245356,Slider,0.3475961538461538,3,6.538461538461538,23.116883116883116,5.446623093681917,56.487316003758224,-0.051923076923076926,-0.011298701298701303,-0.06830065359477124,0.07487316003758224,0.009156236274252626,0.42368456487956463,0.00010458002275804162
2026-04-16,,,Miguel Andujar,609280,R,R,SD,SEA,,,,,,,SD,Petco Park,Luis Castillo,622491,R,0.09299112903723511,0.0468800710498333,1.01,1.0000000000000009,today_sheet_player_team_lookup,Miguel Andujar,0.04734887176033163,0.1354270204870056,4-Seam,0.44806148202700113,3,3.8647342995169085,45.0,9.104796136133888,52.153221639973424,-0.09202898550724636,0.1,-0.013428057957991672,0.03153221639973424,0.007818018733843697,0.34503201211230583,0.07272772737129163
2026-04-16,,,Brayan Rocchio,677587,S,L,CLE,BAL,,,,,,,CLE,Progressive Field,Shane Baz,669358,R,0.07894366117198003,0.040788021813250634,1.16,15.999999999999993,today_sheet_player_team_lookup,Brayan Rocchio,0.04731410530337073,0.1353323607463346,4-Seam,0.4082988267770876,4,3.3146853146853146,45.0,6.293617561223195,50.9581573341998,-0.10027972027972028,0.1,-0.05559573658165207,0.019581573341997966,0.008088042367056276,0.31225502518343473,0.06376004491043871
2026-04-16,,,Brady House,691781,R,R,WSN,PIT,,,,,,,WSN,PNC Park,Braxton Ashcraft,677952,R,0.09962400730707842,0.04970755189043472,0.95,-5.000000000000004,today_sheet_player_team_lookup,Brady House,0.04722217429591298,0.13508202397202407,Slider,0.37455326348669227,4,4.941675503711559,30.702702702702705,4.387351778656127,50.390056614823976,-0.07587486744432662,0.03421621621621623,-0.08418972332015809,0.013900566148239762,0.006768929144110009,0.48529639612886183,0.04590706832686316
2026-04-16,,,Kyle Higashioka,543309,R,R,TEX,ATH,,,,,,,TEX,Sutter Health Park,Jacob Lopez,682052,L,0.11164679479644009,0.05476237682872702,0.86,-14.000000000000002,today_sheet_player_team_lookup,Kyle Higashioka,0.04709564407270524,0.13473739127023,4-Seam,0.3566826565425955,4,7.529411764705883,45.0,7.982456140350878,45.21459248271917,-0.03705882352941175,0.1,-0.030263157894736836,-0.03785407517280831,0.010739155808931467,0.4403763018509034,0.07594849502175513
2026-04-16,,,José Ramírez,608070,S,L,CLE,BAL,,,,,,,CLE,Progressive Field,Shane Baz,669358,R,0.08174897515059622,0.04201679656417303,1.12,12.00000000000001,today_sheet_player_team_lookup,Jose Ramirez,0.0470588121518738,0.13463705428821982,4-Seam,0.4082988267770876,4,8.50834879406308,45.0,6.293617561223195,50.9581573341998,-0.0223747680890538,0.1,-0.05559573658165207,0.019581573341997966,0.010355511661969494,0.27564437974696687,0.07249159313693702
2026-04-16,,,Tyler Freeman,671289,R,R,COL,HOU,,,,,,,COL,Daikin Park,Ryan Weiss,680802,R,0.07770771078006994,0.04024458621970505,1.16,15.999999999999993,today_sheet_player_team_lookup,Tyler Freeman,0.046683720014857856,0.13361479198685378,4-Seam,0.48235294117647065,3,2.2580645161290325,45.0,11.11111111111111,45.05494505494506,-0.11612903225806452,0.1,0.01666666666666666,-0.03945054945054942,0.0062597593237433274,0.3178942922918158,0.05928713704954673
2026-04-16,,,Ke'Bryan Hayes,663647,R,R,CIN,SF,,,,,,,CIN,Great American BP,Landen Roupp,694738,R,0.0695709669062526,0.036633364065408694,1.27,27.0,today_sheet_player_team_lookup,Ke'Bryan Hayes,0.04652437236306904,0.13318026822317997,Sinker,0.5301338985512704,2,4.62406015037594,34.786117836965296,6.38337012509198,44.68054175303104,-0.0806390977443609,0.05871670702179178,-0.0542494481236203,-0.04319458246968964,0.006827362164876083,0.37131965088966723,0.003876734154408841
2026-04-16,,,Tanner Murray,695020,R,R,CWS,TB,,,,,,,CWS,Rate Field,Steven Matz,571927,L,0.07606730158414086,0.039521305073843924,1.17,16.999999999999993,today_sheet_player_team_lookup,Tanner Murray,0.04623992693639739,0.13240425529390654,Sinker,0.6404812230821798,2,1.8181818181818183,5.714285714285715,8.606060606060607,50.83760683760684,-0.12,-0.1,-0.02090909090909089,0.01837606837606842,0.00987888629106257,0.4544609549237426,0.0
2026-04-16,,,Kevin McGonigle,805808,L,L,DET,KC,,,,,,,DET,Comerica Park,Kris Bubic,663460,L,0.09117621093896244,0.04610120505065206,0.99,-1.0000000000000009,today_sheet_player_team_lookup,Kevin McGonigle,0.04564019300014554,0.13076656711337764,4-Seam,0.37694755892080795,3,0.0,13.333333333333336,9.377510040160644,50.35976671968493,-0.12,-0.06999999999999999,-0.009337349397590344,0.013597667196849272,0.007564113811617951,0.41517761182645846,0.09501401995551667
2026-04-16,,,Ty France,664034,R,R,SD,SEA,,,,,,,SD,Petco Park,Luis Castillo,622491,R,0.09437742242185027,0.04747345763395357,0.96,-4.0000000000000036,today_sheet_player_team_lookup,Ty France,0.04557451932859542,0.13058710750402502,4-Seam,0.44806148202700113,3,9.298141557928036,37.74035087719299,9.104796136133888,52.153221639973424,-0.010527876631079467,0.07644210526315792,-0.013428057957991672,0.03153221639973424,0.008091588960131775,0.3416222587909186,0.057175702045494096
2026-04-16,,,Kyle Karros,691720,R,R,COL,HOU,,,,,,,COL,Daikin Park,Ryan Weiss,680802,R,0.08210876354468924,0.042173928174134685,1.06,6.000000000000005,today_sheet_player_team_lookup,Kyle Karros,0.04470436386458277,0.12820699193187357,4-Seam,0.48235294117647065,3,2.5,38.43388960205392,11.11111111111111,45.05494505494506,-0.11249999999999999,0.08060333761232351,0.01666666666666666,-0.03945054945054942,0.009603875237007023,0.2731399564270154,0.11104397211935509
2026-04-16,,,David Fry,681807,R,R,CLE,BAL,,,,,,,CLE,Progressive Field,Shane Baz,669358,R,0.08890985972692718,0.04512533145926885,0.99,-1.0000000000000009,today_sheet_player_team_lookup,David Fry,0.04467407814467616,0.12812407399028902,4-Seam,0.6810770471660422,2,2.3529411764705883,44.0,10.272373540856032,51.57349896480332,-0.11470588235294116,0.1,0.004085603112840479,0.025734989648033207,0.012442744931518056,0.3032691698263971,0.08459838704093178
2026-04-16,,,Austin Wynns,642851,R,R,ATH,TEX,,,,,,,ATH,Sutter Health Park,Jack Leiter,683004,R,0.11061676746764135,0.054332637432931,0.82,-18.000000000000004,today_sheet_player_team_lookup,Austin Wynns,0.04455276269500342,0.12779187704051653,4-Seam,0.37604767661411936,4,8.804554079696395,45.0,12.0,50.37490987743331,-0.017931688804554077,0.1,0.03,0.013749098774333106,0.009719828519959606,0.3621909926203853,0.0811279562141044
2026-04-16,,,Andrew McCutchen,457705,R,R,TEX,ATH,,,,,,,TEX,Sutter Health Park,Jacob Lopez,682052,L,0.10700504158101276,0.05282099437952288,0.84,-16.000000000000004,today_sheet_player_team_lookup,Andrew McCutchen,0.04436963527879922,0.12729026115947084,4-Seam,0.3566826565425955,4,8.848484848484848,45.0,7.982456140350878,45.21459248271917,-0.017272727272727283,0.1,-0.030263157894736836,-0.03785407517280831,0.012335133858295752,0.4121504040300089,0.06751142706787647
2026-04-16,,,Maverick Handley,668974,R,R,BAL,CLE,,,,,,,BAL,Progressive Field,Parker Messick,800048,L,0.08278776899888496,0.042470191667680735,1.01,1.0000000000000009,today_sheet_player_team_lookup,Maverick Handley,0.042894893584357545,0.12324369046489292,4-Seam,0.4871546188484187,3,0.0,40.0,7.538877620013523,50.77986096481989,-0.12,0.09,-0.03691683569979716,0.01779860964819889,0.008765902741290098,0.41614579947243624,0.0
2026-04-16,,,Bryce Johnson,669369,S,L,SD,SEA,,,,,,,SD,Petco Park,Luis Castillo,622491,R,0.0895468760978671,0.045399998915018155,0.94,-6.000000000000005,today_sheet_player_team_lookup,Bryce Johnson,0.042675998980117064,0.1226419975478178,4-Seam,0.4743410359691895,4,5.236363636363636,45.0,12.0,47.49297752808989,-0.07145454545454545,0.1,0.03,-0.01507022471910112,0.009565676901407175,0.3626371480094329,0.03452406745602617
2026-04-16,,,Brenton Doyle,686668,R,R,COL,HOU,,,,,,,COL,Daikin Park,Ryan Weiss,680802,R,0.08384317198049712,0.04292996297430338,0.99,-1.0000000000000009,today_sheet_player_team_lookup,Brenton Doyle,0.04250066334456035,0.12215984009905256,4-Seam,0.48235294117647065,3,10.63590926566705,43.45238095238095,11.11111111111111,45.05494505494506,0.009538638985005763,0.1,0.01666666666666666,-0.03945054945054942,0.01041544863471622,0.27512024814445557,0.06624269120766771
2026-04-16,,,Matt McLain,680574,R,R,CIN,SF,,,,,,,CIN,Great American BP,Landen Roupp,694738,R,0.06427971442418542,0.034251201954774595,1.24,24.0,today_sheet_player_team_lookup,Matt McLain,0.0424714904239205,0.12207960001761697,Sinker,0.5301338985512704,2,8.366782006920417,41.780796076212035,6.38337012509198,44.68054175303104,-0.024498269896193747,0.1,-0.0542494481236203,-0.04319458246968964,0.006714508733303145,0.3000536143893302,0.009982135194228985
2026-04-16,,,Daylen Lile,695734,L,L,WSN,PIT,,,,,,,WSN,PNC Park,Braxton Ashcraft,677952,R,0.09307955159062929,0.04691795870748998,0.9,-9.999999999999998,today_sheet_player_team_lookup,Daylen Lile,0.04222616283674098,0.12140463333663143,4-Seam,0.3978341113375724,3,6.545454545454546,45.0,5.105421686746988,53.45662847790508,-0.05181818181818181,0.1,-0.07341867469879518,0.04456628477905077,0.0074122758574428965,0.3186745358353402,0.09756992903008921
2026-04-16,,,Colton Cowser,681297,L,L,BAL,CLE,,,,,,,BAL,Progressive Field,Parker Messick,800048,L,0.07647327327890649,0.03970052010414729,1.06,6.000000000000005,today_sheet_player_team_lookup,Colton Cowser,0.04208255131039613,0.12100935627756393,Slider,0.3475961538461538,3,12.681818181818182,34.761904761904766,5.446623093681917,56.487316003758224,0.04022727272727272,0.0585714285714286,-0.06830065359477124,0.07487316003758224,0.010286823473232556,0.31790682738314324,0.00043190230531054644
2026-04-16,,,Jose Altuve,514888,R,R,HOU,COL,,,,,,,HOU,Daikin Park,Juan Mejia,675848,R,0.07538568703229465,0.039220085060719646,1.07,7.000000000000006,today_sheet_player_team_lookup,Jose Altuve,0.041965491014970026,0.12068707126498734,4-Seam,0.49652134093385325,3,6.3546798029556655,45.0,4.324324324324325,47.83810566943097,-0.05467980295566502,0.1,-0.08513513513513513,-0.011618943305690266,0.0088163458577299,0.27643652691649306,0.08015256128537575
2026-04-16,,,Ben Williamson,810938,R,R,TB,CWS,,,,,,,TB,Rate Field,Jordan Leasure,673929,R,0.06155866483545722,0.03301480843053471,1.27,27.0,today_sheet_player_team_lookup,Ben Williamson,0.041928806706779086,0.12058605750813456,Slider,0.517345526333704,2,2.587878787878788,20.716417910447763,12.0,44.64234123964847,-0.11118181818181817,-0.025701492537313422,0.03,-0.043576587603515335,0.006336329076907753,0.27032873345377295,0.05843727302376802
2026-04-16,,,Brett Sullivan,664954,L,L,COL,HOU,,,,,,,COL,Daikin Park,Ryan Weiss,680802,R,0.0726419033066998,0.038003369228157814,1.09,9.000000000000007,today_sheet_player_team_lookup,Brett Sullivan,0.041423672458692024,0.11919433519073619,4-Seam,0.6842105263157894,2,8.153846153846153,45.0,3.3333333333333335,46.111111111111114,-0.0276923076923077,0.1,-0.09999999999999999,-0.028888888888888856,0.007220930710041828,0.23292631578947448,0.10861466504159227
2026-04-16,,,Angel Martínez,682657,S,L,CLE,BAL,,,,,,,CLE,Progressive Field,Shane Baz,669358,R,0.07091592437882063,0.037234469590675695,1.11,11.00000000000001,today_sheet_player_team_lookup,Angel Martinez,0.04133026124565003,0.11893681221244945,4-Seam,0.4082988267770876,4,5.714824594492645,45.0,6.293617561223195,50.9581573341998,-0.06427763108261032,0.1,-0.05559573658165207,0.019581573341997966,0.007464295485947951,0.26163072865578985,0.06048353346713415
2026-04-16,,,Isaac Paredes,670623,R,R,HOU,COL,,,,,,,HOU,Daikin Park,Juan Mejia,675848,R,0.0648412106109003,0.03450534834566597,1.19,18.999999999999993,today_sheet_player_team_lookup,Isaac Paredes,0.04106136453134251,0.11819521754723217,4-Seam,0.49652134093385325,3,5.932925699462665,45.0,4.324324324324325,47.83810566943097,-0.061006114508060025,0.1,-0.08513513513513513,-0.011618943305690266,0.013796522592548134,0.20203551633467928,0.08571822360337328
2026-04-16,,,Josh Naylor,647304,L,L,SEA,SD,,,,,,,SEA,Petco Park,Walker Buehler,621111,R,0.08882294194962671,0.045087831579916304,0.9,-9.999999999999998,today_sheet_player_team_lookup,Josh Naylor,0.040579048421924675,0.11686398761551486,4-Seam,0.30606983101391655,4,8.280000000000001,45.0,6.837606837606838,47.25090983729504,-0.025799999999999983,0.1,-0.04743589743589743,-0.017490901627049596,0.008938862482960715,0.3770164226570146,0.03297436920507012
2026-04-16,,,Billy Cook,695257,R,R,PIT,WSN,,,,,,,PIT,PNC Park,Foster Griffin,656492,L,0.09092164044894256,0.04599177193769649,0.87,-13.0,today_sheet_player_team_lookup,Billy Cook,0.04001284158579595,0.1152995039414807,Cutter,0.3789473684210526,3,0.0,33.33333333333334,12.0,47.96747967479675,-0.12,0.05000000000000006,0.03,-0.01032520325203251,0.009486084318909327,0.4293684210526318,0.021758767305825773
2026-04-16,,,Konnor Griffin,804606,R,R,PIT,WSN,,,,,,,PIT,PNC Park,Foster Griffin,656492,L,0.09198634138075854,0.04644915444644264,0.86,-14.000000000000002,today_sheet_player_team_lookup,Konnor Griffin,0.03994627282394067,0.11511544679004093,Cutter,0.3789473684210526,3,0.0,13.333333333333336,12.0,47.96747967479675,-0.12,-0.06999999999999999,0.03,-0.01032520325203251,0.009506090714624537,0.516421052631579,0.006999915443944807
2026-04-16,,,TJ Friedl,670770,L,L,CIN,SF,,,,,,,CIN,Great American BP,Landen Roupp,694738,R,0.059462925686588064,0.03205695747655243,1.23,23.0,today_sheet_player_team_lookup,TJ Friedl,0.039430057696159496,0.11368728781062343,Sinker,0.41150175943420747,3,2.498662386302836,45.0,10.090778786430961,47.156443267040856,-0.11252006420545745,0.1,0.0013616817964644222,-0.018435567329591437,0.008349749699164846,0.2598196667455209,0.021656967394680763
2026-04-16,,,Willi Castro,650489,S,L,COL,HOU,,,,,,,COL,Daikin Park,Ryan Weiss,680802,R,0.07180974785750667,0.03763300170864072,1.03,3.0000000000000027,today_sheet_player_team_lookup,Willi Castro,0.038761991759899944,0.11183673884684076,4-Seam,0.5416666666666666,3,7.507479137143758,45.0,3.3333333333333335,46.111111111111114,-0.037387812942843636,0.1,-0.09999999999999999,-0.028888888888888856,0.00822452905636004,0.2968085317460321,0.05483505903333524
2026-04-16,,,Kyle Isbel,664728,L,L,KC,DET,,,,,,,KC,Comerica Park,Keider Montero,672456,R,0.07256221954510683,0.03796793202953696,1.01,1.0000000000000009,today_sheet_player_team_lookup,Kyle Isbel,0.038347611349832326,0.11068760783019038,4-Seam,0.4644684479818078,4,2.4336917562724016,45.0,8.944099378881988,52.47581699346405,-0.11349462365591396,0.1,-0.015838509316770173,0.03475816993464051,0.008665079582708592,0.31672283264710793,0.019833282989452763
2026-04-16,,,Brandon Nimmo,607043,L,L,TEX,ATH,,,,,,,TEX,Sutter Health Park,Jacob Lopez,682052,L,0.08587305191024813,0.04381182374876503,0.87,-13.0,today_sheet_player_team_lookup,Brandon Nimmo,0.03811628666142557,0.11004568335467346,Slider,0.5401948842874543,2,9.429206819866568,44.155844155844164,1.5686274509803921,53.661616161616166,-0.008561897702001477,0.1,-0.12,0.04661616161616166,0.007701912821320675,0.40628271357264045,0.0
2026-04-16,,,Josh Jung,673962,R,R,TEX,ATH,,,,,,,TEX,Sutter Health Park,Jacob Lopez,682052,L,0.09071251433841919,0.045901839773883964,0.83,-17.000000000000004,today_sheet_player_team_lookup,Josh Jung,0.03809852701232369,0.10999638768208198,4-Seam,0.3566826565425955,4,7.142857142857143,32.896174863387984,7.982456140350878,45.21459248271917,-0.04285714285714285,0.0473770491803279,-0.030263157894736836,-0.03785407517280831,0.013178633194931871,0.4232994508880347,0.020296708004127955
2026-04-16,,,Jeff McNeil,643446,L,L,ATH,TEX,,,,,,,ATH,Sutter Health Park,Jack Leiter,683004,R,0.10300753645864243,0.05113892791982764,0.74,-26.0,today_sheet_player_team_lookup,Jeff McNeil,0.037842806660672454,0.10928637978562705,4-Seam,0.35095327945028026,5,4.036866359447005,45.0,12.0,50.314629549079314,-0.08944700460829491,0.1,0.03,0.013146295490793136,0.008560525903549467,0.3911271954508711,0.06246969223883349
2026-04-16,,,Andrew Benintendi,643217,L,L,CWS,TB,,,,,,,CWS,Rate Field,Steven Matz,571927,L,0.0571907623705578,0.031012728106252024,1.22,21.999999999999996,today_sheet_player_team_lookup,Andrew Benintendi,0.03783552828962747,0.10926616585392579,Sinker,1.0,1,11.511387163561078,45.0,4.430641821946169,58.424001983635016,0.022670807453416177,0.1,-0.08354037267080745,0.08,0.008948182225740923,0.23221333333333405,0.0
2026-04-16,,,Will Brennan,686823,L,L,SF,CIN,,,,,,,SF,Great American BP,Chase Burns,695505,R,0.05940830211646603,0.032031924933849334,1.18,17.999999999999993,today_sheet_player_team_lookup,Will Brennan,0.037797671421942215,0.10916102254218185,4-Seam,0.6994398277817643,2,4.505928853754941,39.48051948051948,11.647509578544062,50.760424377004696,-0.08241106719367587,0.0868831168831169,0.024712643678160926,0.017604243770046962,0.009652852256187637,0.2275835435908114,0.025201579970474168
2026-04-16,,,Ezequiel Duran,677649,R,R,TEX,ATH,,,,,,,TEX,Sutter Health Park,Jacob Lopez,682052,L,0.08146853605771628,0.04189424750780104,0.9,-9.999999999999998,today_sheet_player_team_lookup,Ezequiel Duran,0.03770482275702094,0.10890311049288737,4-Seam,0.3566826565425955,4,5.3589743589743595,45.0,7.982456140350878,45.21459248271917,-0.0696153846153846,0.1,-0.030263157894736836,-0.03785407517280831,0.010272497992140106,0.38472287810926137,0.010893573442491027
2026-04-16,,,Taylor Walls,670764,S,L,TB,CWS,,,,,,,TB,Rate Field,Jordan Leasure,673929,R,0.0590031968176995,0.03184616785117717,1.18,17.999999999999993,today_sheet_player_team_lookup,Taylor Walls,0.03757847806438906,0.10855207429994318,4-Seam,0.6462774197546165,2,5.083569851781773,41.39571768437748,10.54251012145749,47.94123962210135,-0.0737464522232734,0.09837430610626488,0.008137651821862341,-0.010587603778986505,0.008036575520622771,0.17259738739747912,0.07681398512132824
2026-04-16,,,Spencer Steer,668715,R,R,CIN,SF,,,,,,,CIN,Great American BP,Landen Roupp,694738,R,0.06318585386445079,0.03375513494718555,1.11,11.00000000000001,today_sheet_player_team_lookup,Spencer Steer,0.037468199791375965,0.10824560171891218,Sinker,0.5301338985512704,2,7.957322319738427,45.0,6.38337012509198,44.68054175303104,-0.03064016520392359,0.1,-0.0542494481236203,-0.04319458246968964,0.006623383000689542,0.3024134829845827,0.005437826369884467
2026-04-16,,,Brendan Donovan,680977,L,L,SEA,SD,,,,,,,SEA,Petco Park,Walker Buehler,621111,R,0.08758731472304047,0.04455413317998397,0.84,-16.000000000000004,today_sheet_player_team_lookup,Brendan Donovan,0.037425471871186534,0.10812683836313386,4-Seam,0.30606983101391655,4,10.380835380835382,45.0,6.837606837606838,47.25090983729504,0.005712530712530732,0.1,-0.04743589743589743,-0.017490901627049596,0.008091840625704592,0.33354877587218873,0.05373829007602665
2026-04-16,,,P.J. Higgins,664731,R,R,CIN,SF,,,,,,,CIN,Great American BP,Landen Roupp,694738,R,0.05870002386308262,0.031707025710433594,1.15,14.999999999999991,today_sheet_player_team_lookup,P.J. Higgins,0.03646307956699863,0.10544904989893877,Sinker,0.5301338985512704,2,5.555555555555555,45.0,6.38337012509198,44.68054175303104,-0.06666666666666667,0.1,-0.0542494481236203,-0.04319458246968964,0.007983200047784491,0.277343762608466,0.013298805599377093
2026-04-16,,,Freddy Fermin,666023,R,R,SD,SEA,,,,,,,SD,Petco Park,Luis Castillo,622491,R,0.06731045151106962,0.03561911271676032,1.02,2.0000000000000018,today_sheet_player_team_lookup,Freddy Fermin,0.03633149497109553,0.10508250908966055,4-Seam,0.44806148202700113,3,3.428571428571429,45.0,9.104796136133888,52.153221639973424,-0.09857142857142856,0.1,-0.013428057957991672,0.03153221639973424,0.00575762182955937,0.24492706250651167,0.05820455029204035
2026-04-16,,,Christian Vázquez,543877,R,R,HOU,COL,,,,,,,HOU,Daikin Park,Juan Mejia,675848,R,0.05206601730218589,0.028634141928108987,1.17,16.999999999999993,today_sheet_player_team_lookup,Christian Vazquez,0.033501946055887515,0.09717629892633206,4-Seam,0.49652134093385325,3,4.179104477611941,44.33497536945813,4.324324324324325,47.83810566943097,-0.08731343283582088,0.1,-0.08513513513513513,-0.011618943305690266,0.0074095791107440774,0.17645187296096798,0.07195075490187668
2026-04-16,,,Bryce Teodosio,669326,R,R,LAA,NYY,,,,,,,LAA,Yankee Stadium,Max Fried,608331,L,0.05578152329173006,0.030361958551075333,1.1,10.000000000000009,today_sheet_player_team_lookup,Bryce Teodosio,0.03339815440618287,0.09688540659306033,Cutter,0.37418800152846776,4,4.705882352941177,45.0,6.03189493433396,48.60067622940764,-0.07941176470588235,0.1,-0.0595215759849906,-0.0039932377059236045,0.007003840734271878,0.27447446185199337,0.0002357106180759084
2026-04-16,,,Andrés Giménez,665926,L,L,TOR,MIL,,,,,,,TOR,American Family Fld,Brandon Sproat,687075,R,0.059143346937944825,0.03191045389985273,1.04,4.0000000000000036,today_sheet_player_team_lookup,Andres Gimenez,0.03318687205584684,0.09629306171171459,Cutter,0.19896037093385496,6,4.954954954954956,45.0,4.257703081232493,52.97619047619048,-0.07567567567567567,0.1,-0.0861344537815126,0.03976190476190482,0.008564361398608129,0.2407591641593205,0.03341940178559461
2026-04-16,,,Shay Whitcomb,694376,R,R,HOU,COL,,,,,,,HOU,Daikin Park,Juan Mejia,675848,R,0.06207121498066689,0.03324831787582499,0.99,-1.0000000000000009,today_sheet_player_team_lookup,Shay Whitcomb,0.032915834697066736,0.09553281030244143,4-Seam,0.49652134093385325,3,2.2222222222222223,45.0,4.324324324324325,47.83810566943097,-0.11666666666666665,0.1,-0.08513513513513513,-0.011618943305690266,0.008035849579379797,0.3254358582429324,0.00455904892684985
2026-04-16,,,Leody Taveras,665750,S,R,BAL,CLE,,,,,,,BAL,Progressive Field,Parker Messick,800048,L,0.047116797291773586,0.02630342889395512,1.21,20.999999999999996,today_sheet_player_team_lookup,Leody Taveras,0.031827148961685696,0.09247478451665325,4-Seam,0.4118959007308216,4,2.8571428571428577,40.0,7.538877620013523,50.77986096481989,-0.10714285714285714,0.09,-0.03691683569979716,0.01779860964819889,0.007905102362236936,0.2128448393424106,0.009894093538633943
2026-04-16,,,Josh Lowe,666139,L,L,LAA,NYY,,,,,,,LAA,Yankee Stadium,Max Fried,608331,L,0.0461543556694312,0.025846024831036155,1.16,15.999999999999993,today_sheet_player_team_lookup,Josh Lowe,0.02998138880400194,0.08727446516909376,Sinker,0.4656219498969743,4,2.0512820512820515,21.463414634146343,6.821705426356589,49.60854813389376,-0.11923076923076922,-0.021219512195121942,-0.047674418604651166,0.0060854813389376265,0.008308128769075019,0.2495452606641232,0.00560000252397145
2026-04-16,,,Jorbit Vivas,678391,L,L,WSN,PIT,,,,,,,WSN,PNC Park,Braxton Ashcraft,677952,R,0.062192437517434515,0.033303502508541485,0.87,-13.0,today_sheet_player_team_lookup,Jorbit Vivas,0.028974047182431094,0.08442797889652665,4-Seam,0.3978341113375724,3,3.2,36.57754010695187,5.105421686746988,53.45662847790508,-0.102,0.06946524064171124,-0.07341867469879518,0.04456628477905077,0.007345714780101907,0.30080221410300995,0.0108277906117887
2026-04-16,,,J.P. Crawford,641487,L,L,SEA,SD,,,,,,,SEA,Petco Park,Walker Buehler,621111,R,0.06422820108940827,0.034227869169776555,0.84,-16.000000000000004,today_sheet_player_team_lookup,J.P. Crawford,0.028751410102612306,0.08379806672783141,4-Seam,0.30606983101391655,4,5.216589861751153,45.0,6.837606837606838,47.25090983729504,-0.0717511520737327,0.1,-0.04743589743589743,-0.017490901627049596,0.00759206704257296,0.29727013743690345,0.014323798322430758
2026-04-16,,,Cole Young,702284,L,L,SEA,SD,,,,,,,SEA,Petco Park,Walker Buehler,621111,R,0.0597248799854812,0.03217695636146199,0.89,-10.999999999999998,today_sheet_player_team_lookup,Cole Young,0.028637491161701174,0.08347564156045806,4-Seam,0.30606983101391655,4,6.705431151800075,45.0,6.837606837606838,47.25090983729504,-0.04941853272299888,0.1,-0.04743589743589743,-0.017490901627049596,0.00785730340027765,0.24646533698196268,0.029661154682061663
2026-04-16,,,Austin Hedges,595978,R,R,CLE,BAL,,,,,,,CLE,Progressive Field,Shane Baz,669358,R,0.05307652754498219,0.02910583716888045,0.96,-4.0000000000000036,today_sheet_player_team_lookup,Austin Hedges,0.02794160368212523,0.08150442633550115,4-Seam,0.45619530092904265,3,4.155844155844156,45.0,10.272373540856032,51.57349896480332,-0.08766233766233765,0.1,0.004085603112840479,0.025734989648033207,0.010679487863016946,0.21303319203465482,0.011482288201197665
2026-04-16,,,José Caballero,676609,R,R,NYY,LAA,,,,,,,NYY,Yankee Stadium,Brent Suter,608718,L,0.043389615301093254,0.024523976897357913,1.03,3.0000000000000027,today_sheet_player_team_lookup,Jose Caballero,0.02525969620427865,0.07388104886189517,4-Seam,0.49587584277409236,3,10.190555095277547,45.0,7.487922705314009,49.74353675896588,0.0028583264291632115,0.1,-0.037681159420289864,0.0074353675896588105,0.010004072736280071,0.1749467514228859,0.00031824994806615623
2026-04-16,,,Juan Brito,682877,S,L,CLE,BAL,,,,,,,CLE,Progressive Field,Shane Baz,669358,R,0.03718562296998117,0.0215095721083812,1.08,8.000000000000007,today_sheet_player_team_lookup,Juan Brito,0.0232303378770517,0.06808460405677297,4-Seam,0.5390455943206408,3,5.714285714285715,45.0,6.293617561223195,50.9581573341998,-0.06428571428571427,0.1,-0.05559573658165207,0.019581573341997966,0.008762553242189079,0.1025473596294751,0.04876324067766841
2026-04-16,,,Brice Turang,668930,L,L,MIL,TOR,,,,,,,MIL,American Family Fld,Patrick Corbin,571578,L,0.036012608278034285,0.020931452148221476,1.06,6.000000000000005,today_sheet_player_team_lookup,Brice Turang,0.022187339277114766,0.06509610609829253,Sinker,0.42177914110429443,3,2.7972027972027975,29.205479452054796,6.0344827586206895,48.961424332344215,-0.10804195804195803,0.025232876712328774,-0.059482758620689656,-0.00038575667655784687,0.006638232932859718,0.17754388760523707,0.010912316498349978
2026-04-16,,,Luis Arraez,650333,L,L,SF,CIN,,,,,,,SF,Great American BP,Chase Burns,695505,R,0.024092616312607697,0.014873539745236496,1.31,31.000000000000007,today_sheet_player_team_lookup,Luis Arraez,0.01948433706625981,0.05732149004790077,4-Seam,0.6994398277817643,2,1.206896551724138,39.413718411552345,11.647509578544062,50.760424377004696,-0.12,0.08648231046931408,0.024712643678160926,0.017604243770046962,0.007562814091335928,0.0,0.08002421912051233
2026-04-16,,,Chase Meidroth,805367,R,R,CWS,TB,,,,,,,CWS,Rate Field,Steven Matz,571927,L,0.022902105114834752,0.014246463237498196,1.36,36.00000000000001,today_sheet_player_team_lookup,Chase Meidroth,0.019375190002997547,0.057006649453373526,Sinker,0.5281532785972177,3,2.0689655172413794,32.820512820512825,8.606060606060607,50.83760683760684,-0.11896551724137931,0.04692307692307695,-0.02090909090909089,0.01837606837606842,0.006823792710435001,0.10181839382865446,0.003141466729938675
2026-04-16,,,David Hamilton,666152,L,L,MIL,TOR,,,,,,,MIL,American Family Fld,Patrick Corbin,571578,L,0.02651533578718338,0.016135615272880547,1.1,10.000000000000009,today_sheet_player_team_lookup,David Hamilton,0.017749176800168603,0.05230802215058783,Sinker,0.42177914110429443,3,5.777777777777779,45.0,6.0344827586206895,48.961424332344215,-0.06333333333333332,0.1,-0.059482758620689656,-0.00038575667655784687,0.007963403423297757,0.11496494303242763,0.0
2026-04-16,,,Jacob Young,696285,R,R,WSN,PIT,,,,,,,WSN,PNC Park,Braxton Ashcraft,677952,R,0.032174749971409865,0.01901957780385387,0.88,-12.0,today_sheet_player_team_lookup,Jacob Young,0.016737228467391407,0.04937596963229529,Slider,0.37455326348669227,4,3.4964594807238396,31.85858585858586,4.387351778656127,50.390056614823976,-0.0975531077891424,0.04115151515151517,-0.08418972332015809,0.013900566148239762,0.005180771913429368,0.15718648209650357,0.010368972446474264
2026-04-16,,,Jake Mangum,663968,S,R,PIT,WSN,,,,,,,PIT,PNC Park,Foster Griffin,656492,L,0.03664511369670891,0.021243527395857924,0.76,-24.0,today_sheet_player_team_lookup,Jake Mangum,0.016145080820852024,0.04765745999386983,Cutter,0.3789473684210526,3,0.7079646017699116,28.622448979591837,12.0,47.96747967479675,-0.12,0.021734693877551024,0.03,-0.01032520325203251,0.008579711983125071,0.17631625730994133,0.0
2026-04-16,,,Nolan Schanuel,694384,L,L,LAA,NYY,,,,,,,LAA,Yankee Stadium,Max Fried,608331,L,0.018827777869968487,0.012061245979183498,1.3,30.000000000000004,today_sheet_player_team_lookup,Nolan Schanuel,0.01567961977293855,0.04630516273213203,Sinker,0.4656219498969743,4,1.5686274509803921,36.491228070175445,6.821705426356589,49.60854813389376,-0.12,0.06894736842105267,-0.047674418604651166,0.0060854813389376265,0.007550426756803839,0.07957835006961013,0.0032866310031530255
2026-04-16,,,Steven Kwan,680757,L,L,CLE,BAL,,,,,,,CLE,Progressive Field,Shane Baz,669358,R,0.01778906618482457,0.011493257764668804,1.26,26.0,today_sheet_player_team_lookup,Steven Kwan,0.014481504783482693,0.04281840938208192,4-Seam,0.4082988267770876,4,2.8561253561253563,43.29863520703216,6.293617561223195,50.9581573341998,-0.10715811965811965,0.1,-0.05559573658165207,0.019581573341997966,0.0072576579303428885,0.06335760991558098,0.008590044490729318
2026-04-16,,,Jake McCarthy,664983,L,L,COL,HOU,,,,,,,COL,Daikin Park,Ryan Weiss,680802,R,0.018810761384487874,0.012051979572645888,1.14,13.99999999999999,today_sheet_player_team_lookup,Jake McCarthy,0.013739256712816311,0.04065406213406342,4-Seam,0.5416666666666666,3,5.098039215686275,37.82217782217782,3.3333333333333335,46.111111111111114,-0.07352941176470587,0.07693306693306692,-0.09999999999999999,-0.028888888888888856,0.007016454727349728,0.08037573099415232,0.006548071927102863
2026-04-16,,,Ernie Clement,676391,R,R,TOR,MIL,,,,,,,TOR,American Family Fld,Brandon Sproat,687075,R,0.02273926506849783,0.014160315481584067,0.94,-6.000000000000005,today_sheet_player_team_lookup,Ernie Clement,0.013310696552689023,0.039402924047819754,Sinker,0.5663035513653462,3,1.1970074812967582,45.0,6.580645161290322,51.8566018247547,-0.12,0.1,-0.05129032258064517,0.028566018247546978,0.004949383122060369,0.10058256443064864,0.004938491441420327
2026-04-16,,,Darell Hernaiz,687231,R,R,ATH,TEX,,,,,,,ATH,Sutter Health Park,Jack Leiter,683004,R,0.034471166070942194,0.020167429487212077,0.66,-34.0,today_sheet_player_team_lookup,Darell Hernaiz,0.013310503461559972,0.03940236009275422,4-Seam,0.37604767661411936,4,2.735042735042735,41.25,12.0,50.37490987743331,-0.10897435897435898,0.0975,0.03,0.013749098774333106,0.007396951103823511,0.116703908277633,0.025400813639260604
2026-04-16,,,Josh Smith,669701,L,L,TEX,ATH,,,,,,,TEX,Sutter Health Park,Jacob Lopez,682052,L,0.026728090556682654,0.016245598383500343,0.78,-21.999999999999996,today_sheet_player_team_lookup,Josh Smith,0.012671566739130268,0.03753502906229522,Slider,0.5401948842874543,2,0.0,27.23404255319149,1.5686274509803921,53.661616161616166,-0.12,0.013404255319148939,-0.12,0.04661616161616166,0.004948767593666675,0.14909646403129978,0.0
2026-04-16,,,Leo Rivas,660844,S,L,SEA,SD,,,,,,,SEA,Petco Park,Walker Buehler,621111,R,0.01728720241992791,0.011217058332024965,0.96,-4.0000000000000036,today_sheet_player_team_lookup,Leo Rivas,0.010768375998743966,0.031958502909781195,4-Seam,0.30606983101391655,4,5.395537525354969,40.96774193548387,6.837606837606838,47.25090983729504,-0.06906693711967546,0.09580645161290323,-0.04743589743589743,-0.017490901627049596,0.0076054614379537375,0.02300232499235365,0.03729331031565644
2026-04-16,,,Nasim Nuñez,683083,S,L,WSN,PIT,,,,,,,WSN,PNC Park,Braxton Ashcraft,677952,R,0.02019882799230538,0.012803839275812955,0.8,-19.999999999999996,today_sheet_player_team_lookup,Nasim Nunez,0.010243071420650365,0.030415527433864775,4-Seam,0.3978341113375724,3,3.555555555555556,28.0,5.105421686746988,53.45662847790508,-0.09666666666666666,0.018000000000000002,-0.07341867469879518,0.04456628477905077,0.008100568740169328,0.08553158822442848,0.004529427834125876
2026-04-16,,,Tyler Heineman,623168,S,L,TOR,MIL,,,,,,,TOR,American Family Fld,Brandon Sproat,687075,R,0.01647000711932158,0.010764718750612282,0.84,-16.000000000000004,today_sheet_player_team_lookup,Tyler Heineman,0.009042363750514317,0.026882537567877174,Cutter,0.19896037093385496,6,2.5,45.0,4.257703081232493,52.97619047619048,-0.11249999999999999,0.1,-0.0861344537815126,0.03976190476190482,0.00859457686212113,0.06513906688049818,0.0
2026-04-16,,,Chandler Simpson,802415,L,L,TB,CWS,,,,,,,TB,Rate Field,Jordan Leasure,673929,R,0.00899414112725167,0.006436928895438614,1.34,34.00000000000001,today_sheet_player_team_lookup,Chandler Simpson,0.008625484719887742,0.025653898927026852,4-Seam,0.6462774197546165,2,0.0,33.79672131147541,10.54251012145749,47.94123962210135,-0.12,0.05278032786885246,0.008137651821862341,-0.010587603778986505,0.006825595271332358,0.02989409293561002,0.0
2026-04-16,,,Jacob Wilson,805779,R,R,ATH,TEX,,,,,,,ATH,Sutter Health Park,Jack Leiter,683004,R,0.014811633269765794,0.009836157554781714,0.8,-19.999999999999996,today_sheet_player_team_lookup,Jacob Wilson,0.00786892604382537,0.023421505384104258,4-Seam,0.37604767661411936,4,2.039660056657224,45.0,12.0,50.37490987743331,-0.11940509915014164,0.1,0.03,0.013749098774333106,0.008511038810367634,0.002860769354136534,0.03756399917384897
2026-04-16,,,Drew Millas,686452,S,L,WSN,PIT,,,,,,,WSN,PNC Park,Braxton Ashcraft,677952,R,0.005748564246886383,0.0043998558654500825,0.89,-10.999999999999998,today_sheet_player_team_lookup,Drew Millas,0.003915871720250573,0.01170167305294123,4-Seam,0.3978341113375724,3,2.0,45.0,5.105421686746988,53.45662847790508,-0.12,0.1,-0.07341867469879518,0.04456628477905077,0.006791294147280501,0.0,0.00960197367572221
2026-04-16,,,Nick Allen,669397,R,R,HOU,COL,,,,,,,HOU,Daikin Park,Juan Mejia,675848,R,0.002634276630487113,0.0022666013385473785,1.45,44.99999999999999,today_sheet_player_team_lookup,Nick Allen,0.0032865719408936987,0.009827346657400926,4-Seam,0.49652134093385325,3,0.0,30.929752066115704,4.324324324324325,47.83810566943097,-0.12,0.035578512396694226,-0.08513513513513513,-0.011618943305690266,0.005660171353420767,0.0,0.0003347890985073458
